location,name,freq,weighting,direction,n_stocks,n_stocks_min,date,ret
usa,resff3_12_1,monthly,vw,1,272,129,1953-05-31,-0.00920453086565453
usa,resff3_12_1,monthly,vw,1,459,222,1953-06-30,0.00160146660868081
usa,resff3_12_1,monthly,vw,1,556,273,1953-07-31,-0.00610306334214473
usa,resff3_12_1,monthly,vw,1,615,302,1953-08-31,0.00424265774568641
usa,resff3_12_1,monthly,vw,1,628,297,1953-09-30,0.00964630891262314
usa,resff3_12_1,monthly,vw,1,641,306,1953-10-31,0.00310799177570667
usa,resff3_12_1,monthly,vw,1,663,329,1953-11-30,0.0176014119592706
usa,resff3_12_1,monthly,vw,1,659,328,1953-12-31,0.0165185689202794
usa,resff3_12_1,monthly,vw,1,661,327,1954-01-31,-0.00967371638333878
usa,resff3_12_1,monthly,vw,1,660,329,1954-02-28,0.00768731288374788
usa,resff3_12_1,monthly,vw,1,666,332,1954-03-31,0.0142664224185623
usa,resff3_12_1,monthly,vw,1,667,329,1954-04-30,0.0216397955196021
usa,resff3_12_1,monthly,vw,1,651,317,1954-05-31,-0.0223659373884997
usa,resff3_12_1,monthly,vw,1,667,327,1954-06-30,0.0428797312716355
usa,resff3_12_1,monthly,vw,1,677,323,1954-07-31,-0.00998666186976782
usa,resff3_12_1,monthly,vw,1,666,313,1954-08-31,-0.00853712669552118
usa,resff3_12_1,monthly,vw,1,663,317,1954-09-30,-0.0183336822883008
usa,resff3_12_1,monthly,vw,1,666,329,1954-10-31,-0.00139455774525389
usa,resff3_12_1,monthly,vw,1,667,327,1954-11-30,0.0106034786941731
usa,resff3_12_1,monthly,vw,1,655,318,1954-12-31,-0.000344927241930817
usa,resff3_12_1,monthly,vw,1,654,321,1955-01-31,0.0155395039987643
usa,resff3_12_1,monthly,vw,1,667,332,1955-02-28,0.0038765696284969
usa,resff3_12_1,monthly,vw,1,666,327,1955-03-31,0.00839344502441046
usa,resff3_12_1,monthly,vw,1,657,322,1955-04-30,0.000767480571817549
usa,resff3_12_1,monthly,vw,1,657,325,1955-05-31,-0.00288798470358105
usa,resff3_12_1,monthly,vw,1,680,323,1955-06-30,0.0633140425739281
usa,resff3_12_1,monthly,vw,1,664,323,1955-07-31,0.0127969393608914
usa,resff3_12_1,monthly,vw,1,661,319,1955-08-31,0.0137315122648649
usa,resff3_12_1,monthly,vw,1,658,311,1955-09-30,0.0271354383865821
usa,resff3_12_1,monthly,vw,1,655,325,1955-10-31,-0.00633062040028462
usa,resff3_12_1,monthly,vw,1,662,318,1955-11-30,0.0209431768958089
usa,resff3_12_1,monthly,vw,1,669,318,1955-12-31,-0.017909723340622
usa,resff3_12_1,monthly,vw,1,659,321,1956-01-31,-0.0134911011193862
usa,resff3_12_1,monthly,vw,1,662,322,1956-02-29,0.0112279672229936
usa,resff3_12_1,monthly,vw,1,669,321,1956-03-31,0.0133919829175292
usa,resff3_12_1,monthly,vw,1,663,313,1956-04-30,0.0186092827867326
usa,resff3_12_1,monthly,vw,1,658,317,1956-05-31,-0.0149051366509868
usa,resff3_12_1,monthly,vw,1,659,310,1956-06-30,0.00819182883934896
usa,resff3_12_1,monthly,vw,1,643,311,1956-07-31,0.0100702010286296
usa,resff3_12_1,monthly,vw,1,634,308,1956-08-31,-0.0216356614397472
usa,resff3_12_1,monthly,vw,1,655,327,1956-09-30,-0.019368985057512
usa,resff3_12_1,monthly,vw,1,652,313,1956-10-31,0.00964919997757346
usa,resff3_12_1,monthly,vw,1,652,315,1956-11-30,0.0463919983402596
usa,resff3_12_1,monthly,vw,1,646,311,1956-12-31,0.0205708100374064
usa,resff3_12_1,monthly,vw,1,654,311,1957-01-31,-0.016104923562754
usa,resff3_12_1,monthly,vw,1,668,308,1957-02-28,-0.00651369723431657
usa,resff3_12_1,monthly,vw,1,663,304,1957-03-31,0.0019615406461745
usa,resff3_12_1,monthly,vw,1,668,308,1957-04-30,0.0048758547523676
usa,resff3_12_1,monthly,vw,1,660,295,1957-05-31,0.00142460533084102
usa,resff3_12_1,monthly,vw,1,664,315,1957-06-30,0.000590766486253977
usa,resff3_12_1,monthly,vw,1,653,311,1957-07-31,-0.00805090421154517
usa,resff3_12_1,monthly,vw,1,660,321,1957-08-31,-0.00269929216237544
usa,resff3_12_1,monthly,vw,1,658,322,1957-09-30,-0.00361203826222237
usa,resff3_12_1,monthly,vw,1,665,331,1957-10-31,0.0182522344579215
usa,resff3_12_1,monthly,vw,1,672,324,1957-11-30,0.0274095066316464
usa,resff3_12_1,monthly,vw,1,670,329,1957-12-31,0.0474595466257328
usa,resff3_12_1,monthly,vw,1,665,325,1958-01-31,-0.00644400085846135
usa,resff3_12_1,monthly,vw,1,666,327,1958-02-28,0.0129499708865801
usa,resff3_12_1,monthly,vw,1,663,325,1958-03-31,-0.00519948553882458
usa,resff3_12_1,monthly,vw,1,673,329,1958-04-30,-0.0106129179553931
usa,resff3_12_1,monthly,vw,1,654,310,1958-05-31,-0.0024503142043949
usa,resff3_12_1,monthly,vw,1,654,313,1958-06-30,-0.00745066696495056
usa,resff3_12_1,monthly,vw,1,642,303,1958-07-31,-0.0161409815784551
usa,resff3_12_1,monthly,vw,1,632,301,1958-08-31,-0.0103454831211192
usa,resff3_12_1,monthly,vw,1,634,290,1958-09-30,0.000844275114800175
usa,resff3_12_1,monthly,vw,1,647,299,1958-10-31,0.013046268358956
usa,resff3_12_1,monthly,vw,1,654,321,1958-11-30,0.00981075690895313
usa,resff3_12_1,monthly,vw,1,646,312,1958-12-31,0.0146643075682728
usa,resff3_12_1,monthly,vw,1,666,328,1959-01-31,0.00706009026616389
usa,resff3_12_1,monthly,vw,1,664,327,1959-02-28,0.0268704539866638
usa,resff3_12_1,monthly,vw,1,664,326,1959-03-31,-0.00371019759987471
usa,resff3_12_1,monthly,vw,1,680,338,1959-04-30,0.0275956552095508
usa,resff3_12_1,monthly,vw,1,657,328,1959-05-31,0.0200299281261563
usa,resff3_12_1,monthly,vw,1,670,322,1959-06-30,0.00603586491600895
usa,resff3_12_1,monthly,vw,1,676,326,1959-07-31,-0.00646875123366214
usa,resff3_12_1,monthly,vw,1,670,328,1959-08-31,0.0158970623888645
usa,resff3_12_1,monthly,vw,1,664,329,1959-09-30,0.0191890538017541
usa,resff3_12_1,monthly,vw,1,678,336,1959-10-31,0.00606989693302284
usa,resff3_12_1,monthly,vw,1,675,329,1959-11-30,0.0104653166996674
usa,resff3_12_1,monthly,vw,1,681,333,1959-12-31,0.000775302279258532
usa,resff3_12_1,monthly,vw,1,668,330,1960-01-31,-0.039468751955772
usa,resff3_12_1,monthly,vw,1,667,332,1960-02-29,-0.0109780789715062
usa,resff3_12_1,monthly,vw,1,672,320,1960-03-31,-0.0209183852729964
usa,resff3_12_1,monthly,vw,1,679,326,1960-04-30,-0.0141937877729878
usa,resff3_12_1,monthly,vw,1,685,331,1960-05-31,-0.0152392598319998
usa,resff3_12_1,monthly,vw,1,682,335,1960-06-30,0.00975086598642505
usa,resff3_12_1,monthly,vw,1,682,325,1960-07-31,-0.0141726095281872
usa,resff3_12_1,monthly,vw,1,679,323,1960-08-31,0.0033901064344844
usa,resff3_12_1,monthly,vw,1,678,327,1960-09-30,0.0070711063271167
usa,resff3_12_1,monthly,vw,1,671,331,1960-10-31,0.0227060642483541
usa,resff3_12_1,monthly,vw,1,671,329,1960-11-30,0.0222653605890936
usa,resff3_12_1,monthly,vw,1,676,334,1960-12-31,0.0382289270251102
usa,resff3_12_1,monthly,vw,1,657,308,1961-01-31,-0.0042444705941839
usa,resff3_12_1,monthly,vw,1,663,299,1961-02-28,0.00572241624749289
usa,resff3_12_1,monthly,vw,1,657,291,1961-03-31,0.00818959248209489
usa,resff3_12_1,monthly,vw,1,665,294,1961-04-30,0.0337792919344213
usa,resff3_12_1,monthly,vw,1,664,306,1961-05-31,-0.0191491127570871
usa,resff3_12_1,monthly,vw,1,663,309,1961-06-30,-0.00377657861566147
usa,resff3_12_1,monthly,vw,1,671,312,1961-07-31,0.00156182184463617
usa,resff3_12_1,monthly,vw,1,672,319,1961-08-31,-0.00385923697034005
usa,resff3_12_1,monthly,vw,1,678,320,1961-09-30,-0.0318459890452032
usa,resff3_12_1,monthly,vw,1,686,330,1961-10-31,0.0139035598497919
usa,resff3_12_1,monthly,vw,1,672,319,1961-11-30,0.0243492158225824
usa,resff3_12_1,monthly,vw,1,671,326,1961-12-31,-0.0211679136848307
usa,resff3_12_1,monthly,vw,1,664,331,1962-01-31,0.0173210629738137
usa,resff3_12_1,monthly,vw,1,674,326,1962-02-28,0.000740644135918359
usa,resff3_12_1,monthly,vw,1,674,319,1962-03-31,0.00983971954224908
usa,resff3_12_1,monthly,vw,1,683,336,1962-04-30,0.0100445954949214
usa,resff3_12_1,monthly,vw,1,687,334,1962-05-31,0.00628038599596532
usa,resff3_12_1,monthly,vw,1,682,327,1962-06-30,0.0363376712518701
usa,resff3_12_1,monthly,vw,1,690,335,1962-07-31,0.000107393888612251
usa,resff3_12_1,monthly,vw,1,704,341,1962-08-31,0.014007274780522
usa,resff3_12_1,monthly,vw,1,694,322,1962-09-30,0.0252690617896733
usa,resff3_12_1,monthly,vw,1,700,323,1962-10-31,0.0138680639211691
usa,resff3_12_1,monthly,vw,1,699,324,1962-11-30,-0.0209791297932839
usa,resff3_12_1,monthly,vw,1,700,337,1962-12-31,0.0180556294772723
usa,resff3_12_1,monthly,vw,1,714,339,1963-01-31,0.00519885902420654
usa,resff3_12_1,monthly,vw,1,701,335,1963-02-28,0.00264250153489187
usa,resff3_12_1,monthly,vw,1,710,338,1963-03-31,0.0160444327439402
usa,resff3_12_1,monthly,vw,1,711,348,1963-04-30,0.00943454001422046
usa,resff3_12_1,monthly,vw,1,691,340,1963-05-31,0.0228184835355072
usa,resff3_12_1,monthly,vw,1,697,348,1963-06-30,-0.00345319263317532
usa,resff3_12_1,monthly,vw,1,700,339,1963-07-31,0.00276447181898069
usa,resff3_12_1,monthly,vw,1,714,357,1963-08-31,0.0124913226695994
usa,resff3_12_1,monthly,vw,1,713,354,1963-09-30,-0.0120391076631789
usa,resff3_12_1,monthly,vw,1,707,351,1963-10-31,0.0464254533364714
usa,resff3_12_1,monthly,vw,1,719,355,1963-11-30,-0.0177888667129261
usa,resff3_12_1,monthly,vw,1,705,340,1963-12-31,-0.000199573766634134
usa,resff3_12_1,monthly,vw,1,706,341,1964-01-31,0.00475094114739906
usa,resff3_12_1,monthly,vw,1,732,365,1964-02-29,0.00181774550401761
usa,resff3_12_1,monthly,vw,1,777,373,1964-03-31,0.0197971939473564
usa,resff3_12_1,monthly,vw,1,781,382,1964-04-30,-0.0164389346871051
usa,resff3_12_1,monthly,vw,1,781,380,1964-05-31,-0.000141995119714146
usa,resff3_12_1,monthly,vw,1,778,383,1964-06-30,0.0129852070665478
usa,resff3_12_1,monthly,vw,1,779,378,1964-07-31,-0.0306818161253363
usa,resff3_12_1,monthly,vw,1,894,436,1964-08-31,-0.00758950235373261
usa,resff3_12_1,monthly,vw,1,1048,519,1964-09-30,-0.00965610309885147
usa,resff3_12_1,monthly,vw,1,1151,565,1964-10-31,-0.0171755976071953
usa,resff3_12_1,monthly,vw,1,1210,605,1964-11-30,0.00423743222611356
usa,resff3_12_1,monthly,vw,1,1204,599,1964-12-31,-0.022093756668418
usa,resff3_12_1,monthly,vw,1,1256,616,1965-01-31,-0.00212520188043517
usa,resff3_12_1,monthly,vw,1,1269,600,1965-02-28,0.00715997896019232
usa,resff3_12_1,monthly,vw,1,1258,617,1965-03-31,0.00313488127756442
usa,resff3_12_1,monthly,vw,1,1306,633,1965-04-30,0.0011693790545901
usa,resff3_12_1,monthly,vw,1,1270,592,1965-05-31,-0.00300414281532028
usa,resff3_12_1,monthly,vw,1,1278,625,1965-06-30,-0.0243559473250427
usa,resff3_12_1,monthly,vw,1,1300,646,1965-07-31,0.0253226143088792
usa,resff3_12_1,monthly,vw,1,1277,621,1965-08-31,0.0281650082170223
usa,resff3_12_1,monthly,vw,1,1313,625,1965-09-30,0.0152337061140051
usa,resff3_12_1,monthly,vw,1,1276,610,1965-10-31,0.0200289341163849
usa,resff3_12_1,monthly,vw,1,1283,611,1965-11-30,0.0282253760900178
usa,resff3_12_1,monthly,vw,1,1286,639,1965-12-31,0.0076448528627798
usa,resff3_12_1,monthly,vw,1,1290,638,1966-01-31,0.0376160226071413
usa,resff3_12_1,monthly,vw,1,1320,622,1966-02-28,0.0303626485876099
usa,resff3_12_1,monthly,vw,1,1304,648,1966-03-31,0.0202691649248182
usa,resff3_12_1,monthly,vw,1,1308,644,1966-04-30,0.0372661401966463
usa,resff3_12_1,monthly,vw,1,1285,628,1966-05-31,-0.019417075800419
usa,resff3_12_1,monthly,vw,1,1296,599,1966-06-30,0.0156028901959527
usa,resff3_12_1,monthly,vw,1,1311,635,1966-07-31,0.0037229657167031
usa,resff3_12_1,monthly,vw,1,1325,660,1966-08-31,-0.00957795064706303
usa,resff3_12_1,monthly,vw,1,1352,656,1966-09-30,0.0147411542965718
usa,resff3_12_1,monthly,vw,1,1355,620,1966-10-31,-0.0285221454354995
usa,resff3_12_1,monthly,vw,1,1350,672,1966-11-30,0.0153734913865264
usa,resff3_12_1,monthly,vw,1,1356,673,1966-12-31,0.00996163345925006
usa,resff3_12_1,monthly,vw,1,1335,644,1967-01-31,-0.0432030115441983
usa,resff3_12_1,monthly,vw,1,1294,580,1967-02-28,0.0149685238504516
usa,resff3_12_1,monthly,vw,1,1356,591,1967-03-31,-0.00444910432385452
usa,resff3_12_1,monthly,vw,1,1365,614,1967-04-30,-0.0270543236088062
usa,resff3_12_1,monthly,vw,1,1404,632,1967-05-31,0.00199790644153158
usa,resff3_12_1,monthly,vw,1,1370,668,1967-06-30,0.0236348786612045
usa,resff3_12_1,monthly,vw,1,1392,660,1967-07-31,-0.0242917149875917
usa,resff3_12_1,monthly,vw,1,1407,691,1967-08-31,-0.00127110123906836
usa,resff3_12_1,monthly,vw,1,1359,666,1967-09-30,0.00133085048714299
usa,resff3_12_1,monthly,vw,1,1376,673,1967-10-31,0.0271483852752391
usa,resff3_12_1,monthly,vw,1,1347,644,1967-11-30,-0.0105027905453781
usa,resff3_12_1,monthly,vw,1,1322,589,1967-12-31,0.00452886791687406
usa,resff3_12_1,monthly,vw,1,1361,569,1968-01-31,0.033009734906521
usa,resff3_12_1,monthly,vw,1,1389,611,1968-02-29,0.0208582655185336
usa,resff3_12_1,monthly,vw,1,1410,655,1968-03-31,-0.0148385336665136
usa,resff3_12_1,monthly,vw,1,1373,644,1968-04-30,-0.018173783806481
usa,resff3_12_1,monthly,vw,1,1410,650,1968-05-31,-0.00840139008945398
usa,resff3_12_1,monthly,vw,1,1423,623,1968-06-30,0.0114003979027689
usa,resff3_12_1,monthly,vw,1,1427,624,1968-07-31,0.0418857921434652
usa,resff3_12_1,monthly,vw,1,1376,629,1968-08-31,0.00244347702231511
usa,resff3_12_1,monthly,vw,1,1366,637,1968-09-30,-0.00683032094255181
usa,resff3_12_1,monthly,vw,1,1392,668,1968-10-31,0.000782363463482601
usa,resff3_12_1,monthly,vw,1,1393,688,1968-11-30,0.00293785094331434
usa,resff3_12_1,monthly,vw,1,1393,695,1968-12-31,-0.00985049770152825
usa,resff3_12_1,monthly,vw,1,1422,694,1969-01-31,0.0100562953441079
usa,resff3_12_1,monthly,vw,1,1408,691,1969-02-28,-0.014571784953373
usa,resff3_12_1,monthly,vw,1,1421,706,1969-03-31,0.00828299144069549
usa,resff3_12_1,monthly,vw,1,1393,673,1969-04-30,-0.00508573426792335
usa,resff3_12_1,monthly,vw,1,1400,696,1969-05-31,0.0238578315595994
usa,resff3_12_1,monthly,vw,1,1386,670,1969-06-30,-0.0252652597162986
usa,resff3_12_1,monthly,vw,1,1385,688,1969-07-31,-0.00789626245002954
usa,resff3_12_1,monthly,vw,1,1387,677,1969-08-31,-0.00998243006303444
usa,resff3_12_1,monthly,vw,1,1351,672,1969-09-30,0.0167429660773932
usa,resff3_12_1,monthly,vw,1,1357,674,1969-10-31,0.00275454110804749
usa,resff3_12_1,monthly,vw,1,1356,663,1969-11-30,0.0075907188333781
usa,resff3_12_1,monthly,vw,1,1392,685,1969-12-31,0.00325265955042262
usa,resff3_12_1,monthly,vw,1,1371,685,1970-01-31,0.0267189786522632
usa,resff3_12_1,monthly,vw,1,1428,659,1970-02-28,0.0373532908974136
usa,resff3_12_1,monthly,vw,1,1472,711,1970-03-31,0.00238074848201098
usa,resff3_12_1,monthly,vw,1,1466,691,1970-04-30,-0.00556849630202065
usa,resff3_12_1,monthly,vw,1,1488,712,1970-05-31,-0.00926870105659579
usa,resff3_12_1,monthly,vw,1,1514,675,1970-06-30,0.0421335338448299
usa,resff3_12_1,monthly,vw,1,1492,712,1970-07-31,0.0199445169476039
usa,resff3_12_1,monthly,vw,1,1503,730,1970-08-31,-0.0106019543514305
usa,resff3_12_1,monthly,vw,1,1502,719,1970-09-30,-0.0368566714862512
usa,resff3_12_1,monthly,vw,1,1551,730,1970-10-31,0.00223475726394035
usa,resff3_12_1,monthly,vw,1,1542,738,1970-11-30,0.0156210982714998
usa,resff3_12_1,monthly,vw,1,1565,739,1970-12-31,-0.00211083345179885
usa,resff3_12_1,monthly,vw,1,1585,741,1971-01-31,-0.0389184992851037
usa,resff3_12_1,monthly,vw,1,1590,761,1971-02-28,0.0281206342903081
usa,resff3_12_1,monthly,vw,1,1547,743,1971-03-31,0.00394784452164394
usa,resff3_12_1,monthly,vw,1,1488,694,1971-04-30,0.0100087247139433
usa,resff3_12_1,monthly,vw,1,1548,737,1971-05-31,0.000339191230369518
usa,resff3_12_1,monthly,vw,1,1550,757,1971-06-30,0.00367286384592483
usa,resff3_12_1,monthly,vw,1,1522,716,1971-07-31,-0.0473474612955783
usa,resff3_12_1,monthly,vw,1,1576,766,1971-08-31,0.0210784304472046
usa,resff3_12_1,monthly,vw,1,1591,775,1971-09-30,-0.025733249116879
usa,resff3_12_1,monthly,vw,1,1623,802,1971-10-31,-0.0051813215750616
usa,resff3_12_1,monthly,vw,1,1655,809,1971-11-30,0.00162011578470663
usa,resff3_12_1,monthly,vw,1,1635,774,1971-12-31,0.00296217142665525
usa,resff3_12_1,monthly,vw,1,1671,728,1972-01-31,-0.0095233125688958
usa,resff3_12_1,monthly,vw,1,1656,803,1972-02-29,0.0128151499647284
usa,resff3_12_1,monthly,vw,1,1685,813,1972-03-31,0.012154521705815
usa,resff3_12_1,monthly,vw,1,1699,799,1972-04-30,0.00405048635577181
usa,resff3_12_1,monthly,vw,1,1644,816,1972-05-31,0.00395020001248427
usa,resff3_12_1,monthly,vw,1,1695,790,1972-06-30,0.0339623164438617
usa,resff3_12_1,monthly,vw,1,1712,770,1972-07-31,0.0285243679269769
usa,resff3_12_1,monthly,vw,1,1690,772,1972-08-31,0.00247598808852812
usa,resff3_12_1,monthly,vw,1,1748,757,1972-09-30,0.00194855292964029
usa,resff3_12_1,monthly,vw,1,1727,785,1972-10-31,0.00848695120285473
usa,resff3_12_1,monthly,vw,1,1736,769,1972-11-30,-0.0117601350850189
usa,resff3_12_1,monthly,vw,1,1727,773,1972-12-31,0.028658617991389
usa,resff3_12_1,monthly,vw,1,1574,689,1973-01-31,0.0178794203193328
usa,resff3_12_1,monthly,vw,1,1552,726,1973-02-28,0.00606728829590086
usa,resff3_12_1,monthly,vw,1,1591,695,1973-03-31,0.0318972123465357
usa,resff3_12_1,monthly,vw,1,1575,668,1973-04-30,0.0192693190450582
usa,resff3_12_1,monthly,vw,1,1559,674,1973-05-31,0.00360264154110774
usa,resff3_12_1,monthly,vw,1,1507,612,1973-06-30,0.0239683568047931
usa,resff3_12_1,monthly,vw,1,1517,620,1973-07-31,-0.0279782478002975
usa,resff3_12_1,monthly,vw,1,1522,614,1973-08-31,0.00449318096202138
usa,resff3_12_1,monthly,vw,1,1532,675,1973-09-30,-0.0598354506721862
usa,resff3_12_1,monthly,vw,1,1504,665,1973-10-31,0.0540524799540765
usa,resff3_12_1,monthly,vw,1,1509,746,1973-11-30,0.0114742908944196
usa,resff3_12_1,monthly,vw,1,1516,699,1973-12-31,0.0610614786747557
usa,resff3_12_1,monthly,vw,1,1507,740,1974-01-31,-0.200722513526099
usa,resff3_12_1,monthly,vw,1,1497,661,1974-02-28,0.0384677726605794
usa,resff3_12_1,monthly,vw,1,1527,679,1974-03-31,-0.0404277677958059
usa,resff3_12_1,monthly,vw,1,1495,634,1974-04-30,-0.0493078186874748
usa,resff3_12_1,monthly,vw,1,1510,636,1974-05-31,-0.0539494551004631
usa,resff3_12_1,monthly,vw,1,1548,661,1974-06-30,0.0484557378368691
usa,resff3_12_1,monthly,vw,1,1559,656,1974-07-31,0.0322627657533718
usa,resff3_12_1,monthly,vw,1,1559,667,1974-08-31,0.0760179333137041
usa,resff3_12_1,monthly,vw,1,1563,695,1974-09-30,0.0856322735588682
usa,resff3_12_1,monthly,vw,1,1520,749,1974-10-31,-0.0963163919468058
usa,resff3_12_1,monthly,vw,1,1561,771,1974-11-30,0.0441828493051794
usa,resff3_12_1,monthly,vw,1,1594,774,1974-12-31,-0.165066562197117
usa,resff3_12_1,monthly,vw,1,1967,892,1975-01-31,-0.0349963060425434
usa,resff3_12_1,monthly,vw,1,2219,1098,1975-02-28,-0.0320736344387417
usa,resff3_12_1,monthly,vw,1,2558,1192,1975-03-31,-0.0128930299236468
usa,resff3_12_1,monthly,vw,1,2677,1330,1975-04-30,-0.0844854657723291
usa,resff3_12_1,monthly,vw,1,2668,1288,1975-05-31,0.0123894269173667
usa,resff3_12_1,monthly,vw,1,2750,1195,1975-06-30,0.0149893908685139
usa,resff3_12_1,monthly,vw,1,2798,1154,1975-07-31,-0.00692103346265285
usa,resff3_12_1,monthly,vw,1,2754,1175,1975-08-31,0.0127838665763463
usa,resff3_12_1,monthly,vw,1,2757,1202,1975-09-30,0.0233300911934388
usa,resff3_12_1,monthly,vw,1,2858,1221,1975-10-31,0.0530507396413424
usa,resff3_12_1,monthly,vw,1,2835,1348,1975-11-30,0.010715542498358
usa,resff3_12_1,monthly,vw,1,2769,1316,1975-12-31,-0.00824711407578636
usa,resff3_12_1,monthly,vw,1,2722,1247,1976-01-31,0.0129834219479684
usa,resff3_12_1,monthly,vw,1,2811,1365,1976-02-29,-0.0143996736702765
usa,resff3_12_1,monthly,vw,1,2886,1408,1976-03-31,-0.0211805548032613
usa,resff3_12_1,monthly,vw,1,2820,1277,1976-04-30,-0.00450872427596763
usa,resff3_12_1,monthly,vw,1,2883,1136,1976-05-31,0.00777633940425188
usa,resff3_12_1,monthly,vw,1,2937,1117,1976-06-30,-0.00833364354334869
usa,resff3_12_1,monthly,vw,1,2961,1141,1976-07-31,0.0182472796596446
usa,resff3_12_1,monthly,vw,1,2695,1147,1976-08-31,0.00649990203112133
usa,resff3_12_1,monthly,vw,1,2739,1185,1976-09-30,-0.0042189927688204
usa,resff3_12_1,monthly,vw,1,2897,1188,1976-10-31,-0.00403361013446668
usa,resff3_12_1,monthly,vw,1,2811,1209,1976-11-30,0.0142683500608691
usa,resff3_12_1,monthly,vw,1,2851,1170,1976-12-31,0.0284114679974975
usa,resff3_12_1,monthly,vw,1,2756,1257,1977-01-31,0.0564447862856232
usa,resff3_12_1,monthly,vw,1,2767,1382,1977-02-28,-0.0051324290013561
usa,resff3_12_1,monthly,vw,1,2643,1249,1977-03-31,0.00627408699987918
usa,resff3_12_1,monthly,vw,1,2679,1199,1977-04-30,0.0305812380209319
usa,resff3_12_1,monthly,vw,1,2769,1263,1977-05-31,0.0144332549638701
usa,resff3_12_1,monthly,vw,1,2708,1232,1977-06-30,0.00408753847081206
usa,resff3_12_1,monthly,vw,1,2702,1277,1977-07-31,0.0248937347124358
usa,resff3_12_1,monthly,vw,1,2695,1241,1977-08-31,-0.0173358584816444
usa,resff3_12_1,monthly,vw,1,2686,1195,1977-09-30,0.019461096379707
usa,resff3_12_1,monthly,vw,1,2704,1230,1977-10-31,0.00449539536119584
usa,resff3_12_1,monthly,vw,1,2729,1248,1977-11-30,0.000806922377282485
usa,resff3_12_1,monthly,vw,1,2743,1341,1977-12-31,-0.000501381926228871
usa,resff3_12_1,monthly,vw,1,2722,1254,1978-01-31,0.0157183797268464
usa,resff3_12_1,monthly,vw,1,2729,1257,1978-02-28,0.00608632973818832
usa,resff3_12_1,monthly,vw,1,2702,1240,1978-03-31,-0.0108921285143676
usa,resff3_12_1,monthly,vw,1,2703,1279,1978-04-30,-0.00597090828631745
usa,resff3_12_1,monthly,vw,1,2641,1161,1978-05-31,0.0217126045188165
usa,resff3_12_1,monthly,vw,1,2703,1341,1978-06-30,0.0179867302336041
usa,resff3_12_1,monthly,vw,1,2707,1294,1978-07-31,0.032313577405844
usa,resff3_12_1,monthly,vw,1,2652,1287,1978-08-31,-0.00664389290267033
usa,resff3_12_1,monthly,vw,1,2698,1308,1978-09-30,-0.00504803724097331
usa,resff3_12_1,monthly,vw,1,2657,1272,1978-10-31,-0.0248456628792368
usa,resff3_12_1,monthly,vw,1,2688,1203,1978-11-30,0.0047531442337048
usa,resff3_12_1,monthly,vw,1,2649,1163,1978-12-31,0.0211936104560561
usa,resff3_12_1,monthly,vw,1,2777,1246,1979-01-31,0.000388378781241566
usa,resff3_12_1,monthly,vw,1,2677,1234,1979-02-28,-0.000246353548976855
usa,resff3_12_1,monthly,vw,1,2653,1200,1979-03-31,0.0267520389970151
usa,resff3_12_1,monthly,vw,1,2826,1184,1979-04-30,0.0000780565763515688
usa,resff3_12_1,monthly,vw,1,2694,1277,1979-05-31,-0.00628960664984147
usa,resff3_12_1,monthly,vw,1,2643,1269,1979-06-30,0.00910779658261752
usa,resff3_12_1,monthly,vw,1,2574,1256,1979-07-31,-0.0117957192387639
usa,resff3_12_1,monthly,vw,1,2635,1273,1979-08-31,0.0166351701190626
usa,resff3_12_1,monthly,vw,1,2640,1261,1979-09-30,0.0441308800301123
usa,resff3_12_1,monthly,vw,1,2711,1221,1979-10-31,0.0230206992743872
usa,resff3_12_1,monthly,vw,1,2695,1246,1979-11-30,0.037156228188563
usa,resff3_12_1,monthly,vw,1,2589,1192,1979-12-31,0.0290645038674606
usa,resff3_12_1,monthly,vw,1,2636,1161,1980-01-31,0.0814258998337005
usa,resff3_12_1,monthly,vw,1,2631,1090,1980-02-29,0.0938578805420039
usa,resff3_12_1,monthly,vw,1,2584,1130,1980-03-31,-0.0877155862942775
usa,resff3_12_1,monthly,vw,1,2565,1265,1980-04-30,0.00224500240626349
usa,resff3_12_1,monthly,vw,1,2625,1264,1980-05-31,-0.000833998158642144
usa,resff3_12_1,monthly,vw,1,2633,1215,1980-06-30,0.0228348487250598
usa,resff3_12_1,monthly,vw,1,2670,1173,1980-07-31,-0.020604368812781
usa,resff3_12_1,monthly,vw,1,2617,1227,1980-08-31,0.0116246409970867
usa,resff3_12_1,monthly,vw,1,2588,1167,1980-09-30,0.0242255353364685
usa,resff3_12_1,monthly,vw,1,2624,1215,1980-10-31,0.00640370807239752
usa,resff3_12_1,monthly,vw,1,2618,1238,1980-11-30,-0.0359983508316299
usa,resff3_12_1,monthly,vw,1,2602,1288,1980-12-31,0.0133597318189487
usa,resff3_12_1,monthly,vw,1,2613,1243,1981-01-31,-0.00875721319334867
usa,resff3_12_1,monthly,vw,1,2580,1163,1981-02-28,0.0132872947449483
usa,resff3_12_1,monthly,vw,1,2602,1141,1981-03-31,0.00599245016986225
usa,resff3_12_1,monthly,vw,1,2636,1196,1981-04-30,0.0320761103993245
usa,resff3_12_1,monthly,vw,1,2609,1204,1981-05-31,0.0232691438708858
usa,resff3_12_1,monthly,vw,1,2614,1177,1981-06-30,-0.037735508190698
usa,resff3_12_1,monthly,vw,1,2589,1074,1981-07-31,-0.0543550975644373
usa,resff3_12_1,monthly,vw,1,2697,1238,1981-08-31,0.0104956616158422
usa,resff3_12_1,monthly,vw,1,2719,1279,1981-09-30,0.0512685556321172
usa,resff3_12_1,monthly,vw,1,2667,1268,1981-10-31,0.0155300678291464
usa,resff3_12_1,monthly,vw,1,2673,1232,1981-11-30,-0.0226758867540704
usa,resff3_12_1,monthly,vw,1,2606,1113,1981-12-31,0.00285247454096983
usa,resff3_12_1,monthly,vw,1,2674,1243,1982-01-31,0.021963415802512
usa,resff3_12_1,monthly,vw,1,2716,1189,1982-02-28,0.0379222596637656
usa,resff3_12_1,monthly,vw,1,2693,1331,1982-03-31,0.0173992863621131
usa,resff3_12_1,monthly,vw,1,2626,1305,1982-04-30,-0.0039384408990326
usa,resff3_12_1,monthly,vw,1,2659,1294,1982-05-31,0.0190107485193981
usa,resff3_12_1,monthly,vw,1,2627,1295,1982-06-30,0.0216096122992059
usa,resff3_12_1,monthly,vw,1,2597,1252,1982-07-31,0.029270807171902
usa,resff3_12_1,monthly,vw,1,2618,1176,1982-08-31,-0.0234803783386088
usa,resff3_12_1,monthly,vw,1,2614,1164,1982-09-30,0.0159992131453595
usa,resff3_12_1,monthly,vw,1,2619,1198,1982-10-31,0.00239728935763918
usa,resff3_12_1,monthly,vw,1,2652,1259,1982-11-30,0.0366561928706893
usa,resff3_12_1,monthly,vw,1,2693,1196,1982-12-31,0.00263207855364105
usa,resff3_12_1,monthly,vw,1,2639,1203,1983-01-31,-0.0109370080364037
usa,resff3_12_1,monthly,vw,1,2721,1188,1983-02-28,0.03567399094241
usa,resff3_12_1,monthly,vw,1,2737,1318,1983-03-31,-0.00376103647615648
usa,resff3_12_1,monthly,vw,1,2781,1346,1983-04-30,0.0109202377352923
usa,resff3_12_1,monthly,vw,1,2785,1331,1983-05-31,-0.0328462692388188
usa,resff3_12_1,monthly,vw,1,2769,1355,1983-06-30,-0.00526997586496395
usa,resff3_12_1,monthly,vw,1,2800,1265,1983-07-31,0.0123053557579674
usa,resff3_12_1,monthly,vw,1,2844,1231,1983-08-31,0.00445077340900781
usa,resff3_12_1,monthly,vw,1,2833,1164,1983-09-30,-0.0133098697846504
usa,resff3_12_1,monthly,vw,1,2926,1017,1983-10-31,-0.0163800566466914
usa,resff3_12_1,monthly,vw,1,2919,1076,1983-11-30,-0.027168920747314
usa,resff3_12_1,monthly,vw,1,2964,1090,1983-12-31,0.024569545309714
usa,resff3_12_1,monthly,vw,1,2906,1194,1984-01-31,0.0428445517376604
usa,resff3_12_1,monthly,vw,1,2922,1425,1984-02-29,0.0302016543908771
usa,resff3_12_1,monthly,vw,1,2914,1348,1984-03-31,0.0101063299274871
usa,resff3_12_1,monthly,vw,1,2870,1317,1984-04-30,0.00874732889699052
usa,resff3_12_1,monthly,vw,1,2801,1390,1984-05-31,-0.0107424516920781
usa,resff3_12_1,monthly,vw,1,2849,1367,1984-06-30,-0.0267553986044061
usa,resff3_12_1,monthly,vw,1,2880,1297,1984-07-31,-0.0345541159811813
usa,resff3_12_1,monthly,vw,1,2875,1357,1984-08-31,0.0108683440955526
usa,resff3_12_1,monthly,vw,1,2851,1316,1984-09-30,0.0118070307404789
usa,resff3_12_1,monthly,vw,1,2851,1326,1984-10-31,-0.0279812804623515
usa,resff3_12_1,monthly,vw,1,2855,1355,1984-11-30,-0.00110758590966159
usa,resff3_12_1,monthly,vw,1,2903,1449,1984-12-31,-0.00667654936468104
usa,resff3_12_1,monthly,vw,1,2909,1374,1985-01-31,-0.0107820242184947
usa,resff3_12_1,monthly,vw,1,2958,1318,1985-02-28,0.0106202509038205
usa,resff3_12_1,monthly,vw,1,2956,1202,1985-03-31,0.016825598804946
usa,resff3_12_1,monthly,vw,1,2953,1206,1985-04-30,0.0159730265208921
usa,resff3_12_1,monthly,vw,1,2914,1238,1985-05-31,0.0196336645287373
usa,resff3_12_1,monthly,vw,1,2854,1216,1985-06-30,0.0248822873936449
usa,resff3_12_1,monthly,vw,1,2920,1276,1985-07-31,-0.0337064452642803
usa,resff3_12_1,monthly,vw,1,2888,1248,1985-08-31,0.022871770741856
usa,resff3_12_1,monthly,vw,1,3058,1316,1985-09-30,0.00471283156498214
usa,resff3_12_1,monthly,vw,1,3022,1287,1985-10-31,0.0253625999917385
usa,resff3_12_1,monthly,vw,1,3057,1423,1985-11-30,-0.0162419895695468
usa,resff3_12_1,monthly,vw,1,3155,1529,1985-12-31,-0.0168699219986861
usa,resff3_12_1,monthly,vw,1,3165,1559,1986-01-31,0.0135612235258929
usa,resff3_12_1,monthly,vw,1,3208,1556,1986-02-28,-0.0116210929044896
usa,resff3_12_1,monthly,vw,1,3195,1547,1986-03-31,0.0167182620745919
usa,resff3_12_1,monthly,vw,1,3067,1437,1986-04-30,-0.0164411395657992
usa,resff3_12_1,monthly,vw,1,3161,1562,1986-05-31,0.0130486594818195
usa,resff3_12_1,monthly,vw,1,3209,1576,1986-06-30,0.0276793115850186
usa,resff3_12_1,monthly,vw,1,3246,1511,1986-07-31,0.0197987709331773
usa,resff3_12_1,monthly,vw,1,3145,1446,1986-08-31,-0.0200642426278479
usa,resff3_12_1,monthly,vw,1,3137,1393,1986-09-30,-0.0426402600622253
usa,resff3_12_1,monthly,vw,1,3200,1485,1986-10-31,0.0072415441324979
usa,resff3_12_1,monthly,vw,1,3207,1529,1986-11-30,0.00619859568280668
usa,resff3_12_1,monthly,vw,1,3155,1459,1986-12-31,0.00704980671098903
usa,resff3_12_1,monthly,vw,1,3252,1446,1987-01-31,0.0350110804680393
usa,resff3_12_1,monthly,vw,1,3123,1486,1987-02-28,-0.0134187302767375
usa,resff3_12_1,monthly,vw,1,3025,1328,1987-03-31,0.0479686817047951
usa,resff3_12_1,monthly,vw,1,3087,1387,1987-04-30,0.0284309323649952
usa,resff3_12_1,monthly,vw,1,3056,1299,1987-05-31,0.0119903852290967
usa,resff3_12_1,monthly,vw,1,2991,1254,1987-06-30,-0.0142476787334073
usa,resff3_12_1,monthly,vw,1,2941,1261,1987-07-31,0.0304494645512313
usa,resff3_12_1,monthly,vw,1,2978,1381,1987-08-31,-0.0147253989074244
usa,resff3_12_1,monthly,vw,1,3007,1363,1987-09-30,0.00567330467097008
usa,resff3_12_1,monthly,vw,1,3167,1477,1987-10-31,-0.0616946753582935
usa,resff3_12_1,monthly,vw,1,3107,1388,1987-11-30,-0.00540495266192909
usa,resff3_12_1,monthly,vw,1,3099,1402,1987-12-31,0.0394059525259854
usa,resff3_12_1,monthly,vw,1,3181,1438,1988-01-31,-0.0645740548255146
usa,resff3_12_1,monthly,vw,1,3132,1455,1988-02-29,0.029543184741487
usa,resff3_12_1,monthly,vw,1,3106,1552,1988-03-31,0.0131882614264705
usa,resff3_12_1,monthly,vw,1,3088,1412,1988-04-30,0.00991768677570215
usa,resff3_12_1,monthly,vw,1,3205,1319,1988-05-31,-0.0143198579338461
usa,resff3_12_1,monthly,vw,1,3186,1279,1988-06-30,-0.0182941959773515
usa,resff3_12_1,monthly,vw,1,3252,1339,1988-07-31,-0.0057828022521392
usa,resff3_12_1,monthly,vw,1,3287,1242,1988-08-31,-0.0106520773348428
usa,resff3_12_1,monthly,vw,1,3309,1329,1988-09-30,0.00979969962005498
usa,resff3_12_1,monthly,vw,1,3334,1282,1988-10-31,0.00600230405353196
usa,resff3_12_1,monthly,vw,1,3395,1319,1988-11-30,-0.00409934799781735
usa,resff3_12_1,monthly,vw,1,3385,1434,1988-12-31,-0.0110423431885884
usa,resff3_12_1,monthly,vw,1,3222,1563,1989-01-31,-0.0136644720723641
usa,resff3_12_1,monthly,vw,1,3320,1516,1989-02-28,0.00713988434931614
usa,resff3_12_1,monthly,vw,1,3339,1615,1989-03-31,0.00844373792334212
usa,resff3_12_1,monthly,vw,1,3251,1596,1989-04-30,0.00958648482467538
usa,resff3_12_1,monthly,vw,1,3269,1607,1989-05-31,0.0161088021201393
usa,resff3_12_1,monthly,vw,1,3252,1590,1989-06-30,0.01526490067094
usa,resff3_12_1,monthly,vw,1,3210,1605,1989-07-31,0.0382038659333495
usa,resff3_12_1,monthly,vw,1,3245,1521,1989-08-31,-0.0293483414291415
usa,resff3_12_1,monthly,vw,1,3275,1571,1989-09-30,0.0279433590455154
usa,resff3_12_1,monthly,vw,1,3432,1614,1989-10-31,0.00920723291689112
usa,resff3_12_1,monthly,vw,1,3377,1614,1989-11-30,0.0102414811444084
usa,resff3_12_1,monthly,vw,1,3418,1707,1989-12-31,0.00790076546914692
usa,resff3_12_1,monthly,vw,1,3312,1652,1990-01-31,-0.0263956196188398
usa,resff3_12_1,monthly,vw,1,3230,1477,1990-02-28,-0.0117495187308169
usa,resff3_12_1,monthly,vw,1,3288,1611,1990-03-31,-0.0108873263761562
usa,resff3_12_1,monthly,vw,1,3187,1554,1990-04-30,-0.0182819571810761
usa,resff3_12_1,monthly,vw,1,3320,1601,1990-05-31,-0.00690116894003391
usa,resff3_12_1,monthly,vw,1,3447,1631,1990-06-30,0.00613678655664294
usa,resff3_12_1,monthly,vw,1,3318,1573,1990-07-31,0.0321602099078586
usa,resff3_12_1,monthly,vw,1,3337,1616,1990-08-31,0.00601108380426005
usa,resff3_12_1,monthly,vw,1,3278,1487,1990-09-30,0.0250199640095504
usa,resff3_12_1,monthly,vw,1,3341,1626,1990-10-31,0.00352834826819202
usa,resff3_12_1,monthly,vw,1,3305,1626,1990-11-30,0.00280797238458021
usa,resff3_12_1,monthly,vw,1,3415,1673,1990-12-31,-0.00666940925850821
usa,resff3_12_1,monthly,vw,1,3397,1586,1991-01-31,0.0506769808369796
usa,resff3_12_1,monthly,vw,1,3329,1252,1991-02-28,0.00707972444795556
usa,resff3_12_1,monthly,vw,1,3260,1354,1991-03-31,0.0282940934325646
usa,resff3_12_1,monthly,vw,1,3347,1479,1991-04-30,-0.0135797251899963
usa,resff3_12_1,monthly,vw,1,3374,1481,1991-05-31,-0.00273818092940142
usa,resff3_12_1,monthly,vw,1,3281,1483,1991-06-30,0.0135443595690502
usa,resff3_12_1,monthly,vw,1,3347,1536,1991-07-31,0.0247365423590214
usa,resff3_12_1,monthly,vw,1,3265,1412,1991-08-31,0.00546528906826225
usa,resff3_12_1,monthly,vw,1,3202,1426,1991-09-30,0.0260556616588634
usa,resff3_12_1,monthly,vw,1,3123,1357,1991-10-31,0.0234268891898159
usa,resff3_12_1,monthly,vw,1,3171,1363,1991-11-30,0.0332148716424607
usa,resff3_12_1,monthly,vw,1,3211,1565,1991-12-31,0.0171623894996908
usa,resff3_12_1,monthly,vw,1,3182,1481,1992-01-31,-0.0295398020737752
usa,resff3_12_1,monthly,vw,1,3245,1613,1992-02-29,-0.00519748511050138
usa,resff3_12_1,monthly,vw,1,3174,1551,1992-03-31,0.0125777527029953
usa,resff3_12_1,monthly,vw,1,3281,1624,1992-04-30,-0.00599170807816211
usa,resff3_12_1,monthly,vw,1,3283,1635,1992-05-31,0.00593582787498181
usa,resff3_12_1,monthly,vw,1,3317,1637,1992-06-30,0.00515378064559799
usa,resff3_12_1,monthly,vw,1,3349,1575,1992-07-31,0.0168606290473919
usa,resff3_12_1,monthly,vw,1,3316,1605,1992-08-31,-0.00692640055458483
usa,resff3_12_1,monthly,vw,1,3368,1558,1992-09-30,0.00302021240006295
usa,resff3_12_1,monthly,vw,1,3381,1578,1992-10-31,0.0101554033374958
usa,resff3_12_1,monthly,vw,1,3301,1568,1992-11-30,-0.00642224883817502
usa,resff3_12_1,monthly,vw,1,3294,1616,1992-12-31,0.0275950843087384
usa,resff3_12_1,monthly,vw,1,3252,1601,1993-01-31,0.0245066946791823
usa,resff3_12_1,monthly,vw,1,3259,1523,1993-02-28,0.0367530273213472
usa,resff3_12_1,monthly,vw,1,3259,1530,1993-03-31,0.0265473720618906
usa,resff3_12_1,monthly,vw,1,3256,1531,1993-04-30,0.00717111631772635
usa,resff3_12_1,monthly,vw,1,3249,1460,1993-05-31,0.0111445115255268
usa,resff3_12_1,monthly,vw,1,3251,1502,1993-06-30,0.0468133343825004
usa,resff3_12_1,monthly,vw,1,3248,1525,1993-07-31,0.0384322627588523
usa,resff3_12_1,monthly,vw,1,3303,1596,1993-08-31,0.0135490372893691
usa,resff3_12_1,monthly,vw,1,3257,1558,1993-09-30,0.0132940378745295
usa,resff3_12_1,monthly,vw,1,3284,1628,1993-10-31,-0.0232854433442202
usa,resff3_12_1,monthly,vw,1,3207,1587,1993-11-30,-0.0465099797149296
usa,resff3_12_1,monthly,vw,1,3327,1596,1993-12-31,0.00393748712898337
usa,resff3_12_1,monthly,vw,1,3426,1561,1994-01-31,0.00446154584946922
usa,resff3_12_1,monthly,vw,1,3413,1598,1994-02-28,-0.000842744846715593
usa,resff3_12_1,monthly,vw,1,3385,1625,1994-03-31,-0.00660526265542571
usa,resff3_12_1,monthly,vw,1,3361,1590,1994-04-30,0.0102783499253584
usa,resff3_12_1,monthly,vw,1,3460,1616,1994-05-31,0.00863187596880145
usa,resff3_12_1,monthly,vw,1,3547,1687,1994-06-30,-0.000743438004367821
usa,resff3_12_1,monthly,vw,1,3537,1677,1994-07-31,0.00248264455910953
usa,resff3_12_1,monthly,vw,1,3610,1770,1994-08-31,0.0290161091457852
usa,resff3_12_1,monthly,vw,1,3486,1705,1994-09-30,0.00403877945261048
usa,resff3_12_1,monthly,vw,1,3402,1673,1994-10-31,-0.00661408070940974
usa,resff3_12_1,monthly,vw,1,3528,1656,1994-11-30,-0.00512651686998531
usa,resff3_12_1,monthly,vw,1,3534,1734,1994-12-31,0.00414547872401519
usa,resff3_12_1,monthly,vw,1,3551,1593,1995-01-31,0.00285272565809387
usa,resff3_12_1,monthly,vw,1,3639,1688,1995-02-28,0.00728429095146432
usa,resff3_12_1,monthly,vw,1,3593,1752,1995-03-31,-0.00297149052127556
usa,resff3_12_1,monthly,vw,1,3527,1735,1995-04-30,0.019432240946438
usa,resff3_12_1,monthly,vw,1,3609,1726,1995-05-31,-0.00645273423607154
usa,resff3_12_1,monthly,vw,1,3585,1759,1995-06-30,0.00862582557143533
usa,resff3_12_1,monthly,vw,1,3574,1750,1995-07-31,0.00142606693739174
usa,resff3_12_1,monthly,vw,1,3601,1711,1995-08-31,0.00146458496285795
usa,resff3_12_1,monthly,vw,1,3692,1712,1995-09-30,0.00920215077217509
usa,resff3_12_1,monthly,vw,1,3720,1859,1995-10-31,0.0200774244984738
usa,resff3_12_1,monthly,vw,1,3697,1796,1995-11-30,-0.00432424711930148
usa,resff3_12_1,monthly,vw,1,3734,1787,1995-12-31,0.0172290739008462
usa,resff3_12_1,monthly,vw,1,3852,1751,1996-01-31,-0.0011847312648049
usa,resff3_12_1,monthly,vw,1,3816,1797,1996-02-29,-0.00556767171752159
usa,resff3_12_1,monthly,vw,1,3801,1858,1996-03-31,-0.00758472380488821
usa,resff3_12_1,monthly,vw,1,3755,1847,1996-04-30,-0.0232184396563549
usa,resff3_12_1,monthly,vw,1,3802,1859,1996-05-31,0.0121127778008849
usa,resff3_12_1,monthly,vw,1,3843,1892,1996-06-30,0.0185802309602553
usa,resff3_12_1,monthly,vw,1,3937,1908,1996-07-31,-0.00302875350088996
usa,resff3_12_1,monthly,vw,1,3953,1945,1996-08-31,-0.00867806043920223
usa,resff3_12_1,monthly,vw,1,3949,1932,1996-09-30,-0.00910301199325154
usa,resff3_12_1,monthly,vw,1,3974,1802,1996-10-31,0.0363886114785618
usa,resff3_12_1,monthly,vw,1,4041,1821,1996-11-30,-0.0333955224433175
usa,resff3_12_1,monthly,vw,1,4004,1984,1996-12-31,-0.0134001244827446
usa,resff3_12_1,monthly,vw,1,4072,1972,1997-01-31,0.0179938961905831
usa,resff3_12_1,monthly,vw,1,3937,1810,1997-02-28,-0.0128344793814336
usa,resff3_12_1,monthly,vw,1,3954,1970,1997-03-31,0.0289264213374181
usa,resff3_12_1,monthly,vw,1,4005,1972,1997-04-30,0.052188248222138
usa,resff3_12_1,monthly,vw,1,4084,2013,1997-05-31,-0.0186457208056214
usa,resff3_12_1,monthly,vw,1,4073,1805,1997-06-30,0.00341793325740439
usa,resff3_12_1,monthly,vw,1,4061,1780,1997-07-31,0.0512622598378327
usa,resff3_12_1,monthly,vw,1,4098,1836,1997-08-31,-0.00945303744898997
usa,resff3_12_1,monthly,vw,1,4055,1896,1997-09-30,0.00362708387810724
usa,resff3_12_1,monthly,vw,1,4097,1923,1997-10-31,-0.0097058479565243
usa,resff3_12_1,monthly,vw,1,4015,1986,1997-11-30,-0.00508626466404167
usa,resff3_12_1,monthly,vw,1,4170,1989,1997-12-31,0.0176400751750084
usa,resff3_12_1,monthly,vw,1,4255,1954,1998-01-31,0.0221762075913628
usa,resff3_12_1,monthly,vw,1,4170,1887,1998-02-28,-0.012633782840169
usa,resff3_12_1,monthly,vw,1,4129,2016,1998-03-31,0.0279861031044342
usa,resff3_12_1,monthly,vw,1,4076,1915,1998-04-30,-0.00316301408684199
usa,resff3_12_1,monthly,vw,1,4089,2037,1998-05-31,0.0252484737971646
usa,resff3_12_1,monthly,vw,1,4233,1889,1998-06-30,0.0461471689359928
usa,resff3_12_1,monthly,vw,1,4259,1891,1998-07-31,0.00341224219089491
usa,resff3_12_1,monthly,vw,1,4052,1983,1998-08-31,0.0319208961315361
usa,resff3_12_1,monthly,vw,1,4165,1949,1998-09-30,-0.032555409588307
usa,resff3_12_1,monthly,vw,1,4142,2049,1998-10-31,0.0109501695881479
usa,resff3_12_1,monthly,vw,1,4107,1860,1998-11-30,-0.0269412848549371
usa,resff3_12_1,monthly,vw,1,4283,1820,1998-12-31,0.0675988264601553
usa,resff3_12_1,monthly,vw,1,4344,2122,1999-01-31,-0.00998113190082561
usa,resff3_12_1,monthly,vw,1,4262,1693,1999-02-28,0.0265120863499084
usa,resff3_12_1,monthly,vw,1,4137,1906,1999-03-31,0.00307522401480245
usa,resff3_12_1,monthly,vw,1,4168,1981,1999-04-30,0.0208599781040341
usa,resff3_12_1,monthly,vw,1,4201,1795,1999-05-31,0.0116387463941578
usa,resff3_12_1,monthly,vw,1,4141,1763,1999-06-30,0.0213051798102061
usa,resff3_12_1,monthly,vw,1,4179,1908,1999-07-31,0.0238184146884452
usa,resff3_12_1,monthly,vw,1,4150,1755,1999-08-31,-0.00223649342240132
usa,resff3_12_1,monthly,vw,1,4115,1790,1999-09-30,0.0370673196699547
usa,resff3_12_1,monthly,vw,1,3912,1911,1999-10-31,0.000135060328627597
usa,resff3_12_1,monthly,vw,1,3942,1807,1999-11-30,0.0668853461178774
usa,resff3_12_1,monthly,vw,1,3914,1787,1999-12-31,0.160019980255721
usa,resff3_12_1,monthly,vw,1,3955,1973,2000-01-31,0.0538451921772638
usa,resff3_12_1,monthly,vw,1,3854,1549,2000-02-29,0.0783026074967969
usa,resff3_12_1,monthly,vw,1,3883,1696,2000-03-31,-0.0444420072809626
usa,resff3_12_1,monthly,vw,1,3911,1664,2000-04-30,0.0240498835635041
usa,resff3_12_1,monthly,vw,1,3968,1673,2000-05-31,0.00733488345706957
usa,resff3_12_1,monthly,vw,1,3891,1474,2000-06-30,0.0233974015939094
usa,resff3_12_1,monthly,vw,1,3904,1530,2000-07-31,0.0422095325567633
usa,resff3_12_1,monthly,vw,1,3928,1451,2000-08-31,0.0539275353440467
usa,resff3_12_1,monthly,vw,1,3944,1452,2000-09-30,0.0439847024516062
usa,resff3_12_1,monthly,vw,1,3838,1605,2000-10-31,-0.0389364466163825
usa,resff3_12_1,monthly,vw,1,3772,1511,2000-11-30,0.0204448964691202
usa,resff3_12_1,monthly,vw,1,3933,1602,2000-12-31,0.0681845647833515
usa,resff3_12_1,monthly,vw,1,3795,1592,2001-01-31,-0.150493799414717
usa,resff3_12_1,monthly,vw,1,3980,1224,2001-02-28,0.134358996387544
usa,resff3_12_1,monthly,vw,1,3983,1371,2001-03-31,0.0143932314477483
usa,resff3_12_1,monthly,vw,1,3980,1351,2001-04-30,-0.0736119260165191
usa,resff3_12_1,monthly,vw,1,3901,1467,2001-05-31,0.0434901634671221
usa,resff3_12_1,monthly,vw,1,3853,1449,2001-06-30,0.0164946081313943
usa,resff3_12_1,monthly,vw,1,3879,1572,2001-07-31,0.0106482489351541
usa,resff3_12_1,monthly,vw,1,3898,1370,2001-08-31,0.0517729371772985
usa,resff3_12_1,monthly,vw,1,3675,1491,2001-09-30,0.0745037856895828
usa,resff3_12_1,monthly,vw,1,3741,1429,2001-10-31,-0.0205016434151105
usa,resff3_12_1,monthly,vw,1,3580,1659,2001-11-30,-0.0193390017526621
usa,resff3_12_1,monthly,vw,1,3654,1687,2001-12-31,0.0258685789079092
usa,resff3_12_1,monthly,vw,1,3650,1587,2002-01-31,0.0200487516508002
usa,resff3_12_1,monthly,vw,1,3712,1647,2002-02-28,0.0527497888664204
usa,resff3_12_1,monthly,vw,1,3657,1805,2002-03-31,-0.0102427835314923
usa,resff3_12_1,monthly,vw,1,3607,1786,2002-04-30,0.0908885785931834
usa,resff3_12_1,monthly,vw,1,3658,1810,2002-05-31,0.0375329202383391
usa,resff3_12_1,monthly,vw,1,3604,1663,2002-06-30,0.0503720970502729
usa,resff3_12_1,monthly,vw,1,3799,1718,2002-07-31,0.00378954072797677
usa,resff3_12_1,monthly,vw,1,3659,1756,2002-08-31,0.00763473304393872
usa,resff3_12_1,monthly,vw,1,3832,1785,2002-09-30,0.0355013092491913
usa,resff3_12_1,monthly,vw,1,3682,1838,2002-10-31,-0.0612628824859738
usa,resff3_12_1,monthly,vw,1,3696,1781,2002-11-30,-0.047425542297589
usa,resff3_12_1,monthly,vw,1,3746,1693,2002-12-31,0.0309955505117731
usa,resff3_12_1,monthly,vw,1,3773,1503,2003-01-31,0.00478920710423653
usa,resff3_12_1,monthly,vw,1,3748,1498,2003-02-28,0.00445421049482822
usa,resff3_12_1,monthly,vw,1,3748,1321,2003-03-31,-0.0233683107968743
usa,resff3_12_1,monthly,vw,1,3740,1251,2003-04-30,0.0295294222958422
usa,resff3_12_1,monthly,vw,1,3705,1167,2003-05-31,-0.0109573677521826
usa,resff3_12_1,monthly,vw,1,3660,1369,2003-06-30,0.0112268261243952
usa,resff3_12_1,monthly,vw,1,3708,1365,2003-07-31,-0.00620507366738553
usa,resff3_12_1,monthly,vw,1,3577,1342,2003-08-31,-0.0188468117032414
usa,resff3_12_1,monthly,vw,1,3600,1365,2003-09-30,0.011674363249132
usa,resff3_12_1,monthly,vw,1,3574,1417,2003-10-31,0.00748124473473048
usa,resff3_12_1,monthly,vw,1,3482,1338,2003-11-30,0.00911212641856305
usa,resff3_12_1,monthly,vw,1,3518,1368,2003-12-31,-0.0000345677437559658
usa,resff3_12_1,monthly,vw,1,3417,1475,2004-01-31,0.0160495445125009
usa,resff3_12_1,monthly,vw,1,3413,1501,2004-02-29,0.0161622912015771
usa,resff3_12_1,monthly,vw,1,3424,1413,2004-03-31,0.00158892588403655
usa,resff3_12_1,monthly,vw,1,3398,1425,2004-04-30,0.00947610710129355
usa,resff3_12_1,monthly,vw,1,3378,1436,2004-05-31,-0.00668413292734365
usa,resff3_12_1,monthly,vw,1,3447,1437,2004-06-30,0.0108247201169785
usa,resff3_12_1,monthly,vw,1,3407,1647,2004-07-31,0.010399428422845
usa,resff3_12_1,monthly,vw,1,3279,1562,2004-08-31,0.00727462792263889
usa,resff3_12_1,monthly,vw,1,3263,1552,2004-09-30,0.0222946982811005
usa,resff3_12_1,monthly,vw,1,3303,1442,2004-10-31,-0.0260350818062285
usa,resff3_12_1,monthly,vw,1,3161,1366,2004-11-30,0.0206049176253936
usa,resff3_12_1,monthly,vw,1,3279,1370,2004-12-31,-0.0225216118365417
usa,resff3_12_1,monthly,vw,1,3280,1306,2005-01-31,0.017836037404443
usa,resff3_12_1,monthly,vw,1,3323,1236,2005-02-28,0.0411204794561148
usa,resff3_12_1,monthly,vw,1,3284,1261,2005-03-31,0.012762377229227
usa,resff3_12_1,monthly,vw,1,3267,1259,2005-04-30,-0.00421103027332703
usa,resff3_12_1,monthly,vw,1,3176,1113,2005-05-31,-0.00504080256528855
usa,resff3_12_1,monthly,vw,1,3240,1273,2005-06-30,0.0285952862579924
usa,resff3_12_1,monthly,vw,1,3180,1223,2005-07-31,0.00613199052598203
usa,resff3_12_1,monthly,vw,1,3102,1224,2005-08-31,0.0180131322655164
usa,resff3_12_1,monthly,vw,1,3150,1246,2005-09-30,0.0274814288533243
usa,resff3_12_1,monthly,vw,1,3139,1304,2005-10-31,-0.0360773514583557
usa,resff3_12_1,monthly,vw,1,3051,1349,2005-11-30,-0.0110269767878362
usa,resff3_12_1,monthly,vw,1,3118,1436,2005-12-31,0.0117574531295673
usa,resff3_12_1,monthly,vw,1,3132,1280,2006-01-31,0.0432819093143652
usa,resff3_12_1,monthly,vw,1,3090,1285,2006-02-28,-0.0189544698196314
usa,resff3_12_1,monthly,vw,1,3137,1375,2006-03-31,0.00926004793739941
usa,resff3_12_1,monthly,vw,1,3061,1393,2006-04-30,0.00417267773624723
usa,resff3_12_1,monthly,vw,1,3073,1426,2006-05-31,-0.00902531835439836
usa,resff3_12_1,monthly,vw,1,3059,1515,2006-06-30,0.00725795999616044
usa,resff3_12_1,monthly,vw,1,3029,1499,2006-07-31,-0.00306049370450717
usa,resff3_12_1,monthly,vw,1,3015,1489,2006-08-31,-0.0162508315121345
usa,resff3_12_1,monthly,vw,1,3095,1535,2006-09-30,0.0130848896486492
usa,resff3_12_1,monthly,vw,1,3043,1465,2006-10-31,-0.00873112036855217
usa,resff3_12_1,monthly,vw,1,3096,1509,2006-11-30,-0.0215500555581403
usa,resff3_12_1,monthly,vw,1,3091,1415,2006-12-31,0.0150868845113273
usa,resff3_12_1,monthly,vw,1,3134,1546,2007-01-31,0.00182996892973251
usa,resff3_12_1,monthly,vw,1,3054,1408,2007-02-28,-0.0186763998431301
usa,resff3_12_1,monthly,vw,1,3146,1487,2007-03-31,0.00266263346092856
usa,resff3_12_1,monthly,vw,1,3060,1504,2007-04-30,-0.00932359922415406
usa,resff3_12_1,monthly,vw,1,3001,1464,2007-05-31,-0.00846469760011203
usa,resff3_12_1,monthly,vw,1,2958,1473,2007-06-30,0.00191717068635644
usa,resff3_12_1,monthly,vw,1,2987,1436,2007-07-31,-0.000553598631645176
usa,resff3_12_1,monthly,vw,1,2961,1448,2007-08-31,0.0091364068111154
usa,resff3_12_1,monthly,vw,1,2933,1431,2007-09-30,0.00342991301168411
usa,resff3_12_1,monthly,vw,1,2920,1354,2007-10-31,-0.0148170034934897
usa,resff3_12_1,monthly,vw,1,2898,1407,2007-11-30,-0.0191235753928137
usa,resff3_12_1,monthly,vw,1,2998,1483,2007-12-31,0.00560124432876721
usa,resff3_12_1,monthly,vw,1,3043,1379,2008-01-31,0.00382098684995788
usa,resff3_12_1,monthly,vw,1,3006,1280,2008-02-29,0.0551471544497542
usa,resff3_12_1,monthly,vw,1,3016,1273,2008-03-31,0.0211769084535458
usa,resff3_12_1,monthly,vw,1,2934,1279,2008-04-30,0.0270409046105221
usa,resff3_12_1,monthly,vw,1,2995,1239,2008-05-31,0.0116312645382121
usa,resff3_12_1,monthly,vw,1,2934,1191,2008-06-30,0.0534549164006347
usa,resff3_12_1,monthly,vw,1,3080,1204,2008-07-31,-0.00691392721151974
usa,resff3_12_1,monthly,vw,1,3089,1116,2008-08-31,-0.0161437145742442
usa,resff3_12_1,monthly,vw,1,3108,1204,2008-09-30,0.0388747149986422
usa,resff3_12_1,monthly,vw,1,3050,1143,2008-10-31,0.0195161456722806
usa,resff3_12_1,monthly,vw,1,2976,1137,2008-11-30,0.00163969744226909
usa,resff3_12_1,monthly,vw,1,2930,1158,2008-12-31,-0.0228301263954394
usa,resff3_12_1,monthly,vw,1,2976,1182,2009-01-31,-0.0134199126029444
usa,resff3_12_1,monthly,vw,1,3030,1044,2009-02-28,-0.00264722051271589
usa,resff3_12_1,monthly,vw,1,2921,1030,2009-03-31,-0.0417932887104916
usa,resff3_12_1,monthly,vw,1,2897,1079,2009-04-30,-0.0617904909752532
usa,resff3_12_1,monthly,vw,1,2909,1175,2009-05-31,-0.0505927889024901
usa,resff3_12_1,monthly,vw,1,2831,1271,2009-06-30,0.0373862060626247
usa,resff3_12_1,monthly,vw,1,2935,1401,2009-07-31,-0.0183388781937241
usa,resff3_12_1,monthly,vw,1,2917,1376,2009-08-31,-0.0128014377611104
usa,resff3_12_1,monthly,vw,1,2948,1472,2009-09-30,0.00474689379229998
usa,resff3_12_1,monthly,vw,1,3024,1425,2009-10-31,0.000993481550839066
usa,resff3_12_1,monthly,vw,1,2970,1345,2009-11-30,0.00291314342602794
usa,resff3_12_1,monthly,vw,1,2989,1271,2009-12-31,0.0338929126629153
usa,resff3_12_1,monthly,vw,1,3018,1261,2010-01-31,-0.0391015748127875
usa,resff3_12_1,monthly,vw,1,2936,1320,2010-02-28,0.0166581616621098
usa,resff3_12_1,monthly,vw,1,3029,1265,2010-03-31,-0.0137765292751935
usa,resff3_12_1,monthly,vw,1,2972,1293,2010-04-30,0.00529041696771234
usa,resff3_12_1,monthly,vw,1,2885,1223,2010-05-31,0.0108773332591128
usa,resff3_12_1,monthly,vw,1,2859,1265,2010-06-30,0.0155296087109912
usa,resff3_12_1,monthly,vw,1,2869,1344,2010-07-31,-0.00722042438675327
usa,resff3_12_1,monthly,vw,1,2946,1357,2010-08-31,0.00788769484663098
usa,resff3_12_1,monthly,vw,1,2818,1343,2010-09-30,-0.0121273125024517
usa,resff3_12_1,monthly,vw,1,2831,1372,2010-10-31,-0.00752257543740884
usa,resff3_12_1,monthly,vw,1,2814,1381,2010-11-30,-0.0114404173875472
usa,resff3_12_1,monthly,vw,1,2777,1315,2010-12-31,-0.0116994393304119
usa,resff3_12_1,monthly,vw,1,2786,1305,2011-01-31,-0.00525704789867767
usa,resff3_12_1,monthly,vw,1,2811,1337,2011-02-28,0.0187697304386761
usa,resff3_12_1,monthly,vw,1,2895,1330,2011-03-31,0.0111619132593424
usa,resff3_12_1,monthly,vw,1,2825,1337,2011-04-30,-0.00541447739693052
usa,resff3_12_1,monthly,vw,1,2767,1307,2011-05-31,-0.0132107030520741
usa,resff3_12_1,monthly,vw,1,2703,1276,2011-06-30,0.00808852329541698
usa,resff3_12_1,monthly,vw,1,2742,1295,2011-07-31,-0.0115247215668937
usa,resff3_12_1,monthly,vw,1,2724,1309,2011-08-31,-0.0237676882199612
usa,resff3_12_1,monthly,vw,1,2664,1276,2011-09-30,-0.000434590157059336
usa,resff3_12_1,monthly,vw,1,2725,1334,2011-10-31,0.0019264730007927
usa,resff3_12_1,monthly,vw,1,2656,1318,2011-11-30,0.0131699461737109
usa,resff3_12_1,monthly,vw,1,2686,1191,2011-12-31,0.0345919422191407
usa,resff3_12_1,monthly,vw,1,2678,1042,2012-01-31,-0.0461243142106728
usa,resff3_12_1,monthly,vw,1,2648,1050,2012-02-29,-0.0193419706898927
usa,resff3_12_1,monthly,vw,1,2683,1130,2012-03-31,0.0170588186962062
usa,resff3_12_1,monthly,vw,1,2618,1147,2012-04-30,0.00290374601244613
usa,resff3_12_1,monthly,vw,1,2634,1297,2012-05-31,0.00872336664791916
usa,resff3_12_1,monthly,vw,1,2650,1299,2012-06-30,-0.00939170143162921
usa,resff3_12_1,monthly,vw,1,2646,1281,2012-07-31,0.0117375377919155
usa,resff3_12_1,monthly,vw,1,2650,1308,2012-08-31,-0.0215351833860848
usa,resff3_12_1,monthly,vw,1,2633,1301,2012-09-30,-0.0040854903914564
usa,resff3_12_1,monthly,vw,1,2635,1312,2012-10-31,0.00117665665297917
usa,resff3_12_1,monthly,vw,1,2639,1129,2012-11-30,0.000198034926982872
usa,resff3_12_1,monthly,vw,1,2622,1158,2012-12-31,-0.0187790644745045
usa,resff3_12_1,monthly,vw,1,2638,1186,2013-01-31,-0.0189496722437504
usa,resff3_12_1,monthly,vw,1,2629,1274,2013-02-28,0.0139982514295567
usa,resff3_12_1,monthly,vw,1,2597,1259,2013-03-31,0.00807968965978313
usa,resff3_12_1,monthly,vw,1,2577,1263,2013-04-30,0.00555797547991807
usa,resff3_12_1,monthly,vw,1,2559,1239,2013-05-31,-0.0138755851989272
usa,resff3_12_1,monthly,vw,1,2543,1228,2013-06-30,0.0136729634760065
usa,resff3_12_1,monthly,vw,1,2542,1219,2013-07-31,0.0198852835418594
usa,resff3_12_1,monthly,vw,1,2573,1214,2013-08-31,-0.015573636509401
usa,resff3_12_1,monthly,vw,1,2526,1237,2013-09-30,0.00713491881966902
usa,resff3_12_1,monthly,vw,1,2555,1216,2013-10-31,0.00658844759996934
usa,resff3_12_1,monthly,vw,1,2541,1219,2013-11-30,0.00529470720101752
usa,resff3_12_1,monthly,vw,1,2503,1216,2013-12-31,-0.00782666634585944
usa,resff3_12_1,monthly,vw,1,2501,1140,2014-01-31,0.0200482728909264
usa,resff3_12_1,monthly,vw,1,2536,1153,2014-02-28,0.000803371287074854
usa,resff3_12_1,monthly,vw,1,2530,1090,2014-03-31,-0.00836878186129242
usa,resff3_12_1,monthly,vw,1,2495,1084,2014-04-30,-0.021190223202254
usa,resff3_12_1,monthly,vw,1,2562,1160,2014-05-31,0.00745021440243376
usa,resff3_12_1,monthly,vw,1,2558,1149,2014-06-30,0.0169564840647325
usa,resff3_12_1,monthly,vw,1,2530,1157,2014-07-31,-0.0129068571084218
usa,resff3_12_1,monthly,vw,1,2564,1240,2014-08-31,-0.00648222351452758
usa,resff3_12_1,monthly,vw,1,2524,1202,2014-09-30,-0.0183455463004165
usa,resff3_12_1,monthly,vw,1,2526,1215,2014-10-31,-0.0126933917780878
usa,resff3_12_1,monthly,vw,1,2559,1217,2014-11-30,-0.00602431523934954
usa,resff3_12_1,monthly,vw,1,2501,1213,2014-12-31,0.000437417516705393
usa,resff3_12_1,monthly,vw,1,2488,1145,2015-01-31,0.014094834263611
usa,resff3_12_1,monthly,vw,1,2520,1063,2015-02-28,-0.0223813788256426
usa,resff3_12_1,monthly,vw,1,2485,1070,2015-03-31,0.00245520518496644
usa,resff3_12_1,monthly,vw,1,2524,1095,2015-04-30,-0.0200105233064709
usa,resff3_12_1,monthly,vw,1,2542,1136,2015-05-31,0.0215441495530747
usa,resff3_12_1,monthly,vw,1,2561,1186,2015-06-30,0.00233578499297905
usa,resff3_12_1,monthly,vw,1,2544,1147,2015-07-31,0.00912910307545125
usa,resff3_12_1,monthly,vw,1,2474,1105,2015-08-31,-0.000461895712127659
usa,resff3_12_1,monthly,vw,1,2483,1100,2015-09-30,0.0160070299214925
usa,resff3_12_1,monthly,vw,1,2489,1065,2015-10-31,-0.0140203217331769
usa,resff3_12_1,monthly,vw,1,2448,1132,2015-11-30,0.0136638328545402
usa,resff3_12_1,monthly,vw,1,2522,1174,2015-12-31,-0.00428709644909966
usa,resff3_12_1,monthly,vw,1,2480,1093,2016-01-31,-0.00362878992082695
usa,resff3_12_1,monthly,vw,1,2413,1106,2016-02-29,-0.0265137785289665
usa,resff3_12_1,monthly,vw,1,2458,1089,2016-03-31,0.00050429231705125
usa,resff3_12_1,monthly,vw,1,2509,1131,2016-04-30,0.00172629822418089
usa,resff3_12_1,monthly,vw,1,2520,1049,2016-05-31,0.0055242034011621
usa,resff3_12_1,monthly,vw,1,2556,1121,2016-06-30,0.0425338342923986
usa,resff3_12_1,monthly,vw,1,2547,1060,2016-07-31,-0.0162157777271907
usa,resff3_12_1,monthly,vw,1,2438,1045,2016-08-31,-0.029095517978012
usa,resff3_12_1,monthly,vw,1,2484,1155,2016-09-30,0.00577467551183734
usa,resff3_12_1,monthly,vw,1,2487,1158,2016-10-31,-0.0233061273831537
usa,resff3_12_1,monthly,vw,1,2478,1216,2016-11-30,-0.0544258068698359
usa,resff3_12_1,monthly,vw,1,2551,1252,2016-12-31,-0.0137499693400709
usa,resff3_12_1,monthly,vw,1,2555,1165,2017-01-31,0.00849458925271899
usa,resff3_12_1,monthly,vw,1,2573,1259,2017-02-28,0.0101833148851369
usa,resff3_12_1,monthly,vw,1,2600,1180,2017-03-31,0.00373781493046769
usa,resff3_12_1,monthly,vw,1,2560,1146,2017-04-30,-0.00199075260771783
usa,resff3_12_1,monthly,vw,1,2605,1181,2017-05-31,0.00607865221519607
usa,resff3_12_1,monthly,vw,1,2610,1142,2017-06-30,-0.0100254952546718
usa,resff3_12_1,monthly,vw,1,2600,1186,2017-07-31,0.0173697296306614
usa,resff3_12_1,monthly,vw,1,2592,1196,2017-08-31,0.0150977037199365
usa,resff3_12_1,monthly,vw,1,2581,1218,2017-09-30,-0.00177835872884603
usa,resff3_12_1,monthly,vw,1,2540,1246,2017-10-31,0.0201234096539936
usa,resff3_12_1,monthly,vw,1,2601,1229,2017-11-30,0.00436616477975434
usa,resff3_12_1,monthly,vw,1,2513,1149,2017-12-31,-0.0147478516296951
usa,resff3_12_1,monthly,vw,1,2461,1203,2018-01-31,-0.00260091748757046
usa,resff3_12_1,monthly,vw,1,2498,1224,2018-02-28,-0.00428170907154815
usa,resff3_12_1,monthly,vw,1,2460,1176,2018-03-31,0.00475981721594783
usa,resff3_12_1,monthly,vw,1,2473,1226,2018-04-30,0.0094670645232955
usa,resff3_12_1,monthly,vw,1,2475,1231,2018-05-31,0.0133349160770482
usa,resff3_12_1,monthly,vw,1,2467,1226,2018-06-30,-0.0171204738336794
usa,resff3_12_1,monthly,vw,1,2437,1198,2018-07-31,-0.0180193590517323
usa,resff3_12_1,monthly,vw,1,2452,1188,2018-08-31,0.0309278799587529
usa,resff3_12_1,monthly,vw,1,2497,1244,2018-09-30,0.00472719992236097
usa,resff3_12_1,monthly,vw,1,2486,1193,2018-10-31,-0.0103645725198815
usa,resff3_12_1,monthly,vw,1,2469,1219,2018-11-30,-0.00404795286715625
usa,resff3_12_1,monthly,vw,1,2460,1216,2018-12-31,-0.0147353029485635
usa,resff3_12_1,monthly,vw,1,2435,1139,2019-01-31,-0.0286760136214453
usa,resff3_12_1,monthly,vw,1,2458,1092,2019-02-28,0.00118736934878886
usa,resff3_12_1,monthly,vw,1,2437,1116,2019-03-31,0.00446559022063319
usa,resff3_12_1,monthly,vw,1,2470,1118,2019-04-30,-0.0411763535520858
usa,resff3_12_1,monthly,vw,1,2405,1123,2019-05-31,0.0408001358818434
usa,resff3_12_1,monthly,vw,1,2457,1088,2019-06-30,-0.0113149701903362
usa,resff3_12_1,monthly,vw,1,2466,1115,2019-07-31,-0.0109842277589506
usa,resff3_12_1,monthly,vw,1,2496,1122,2019-08-31,0.0231177707562848
usa,resff3_12_1,monthly,vw,1,2477,1083,2019-09-30,-0.0143524184685734
usa,resff3_12_1,monthly,vw,1,2475,1071,2019-10-31,-0.0326156949457548
usa,resff3_12_1,monthly,vw,1,2485,1068,2019-11-30,-0.0272370170506443
usa,resff3_12_1,monthly,vw,1,2433,1114,2019-12-31,-0.00370909329367324
usa,resff3_12_1,monthly,vw,1,2488,1141,2020-01-31,0.00716856185618108
usa,resff3_12_1,monthly,vw,1,2505,1124,2020-02-29,-0.00885709912965495
usa,resff3_12_1,monthly,vw,1,2411,1156,2020-03-31,-0.0197011648470092
usa,resff3_12_1,monthly,vw,1,2458,1150,2020-04-30,-0.00114359448474777
usa,resff3_12_1,monthly,vw,1,2455,1161,2020-05-31,0.0117559854625558
usa,resff3_12_1,monthly,vw,1,2480,1202,2020-06-30,0.0330609962758332
usa,resff3_12_1,monthly,vw,1,2505,1239,2020-07-31,0.0298858237723534
usa,resff3_12_1,monthly,vw,1,2413,1125,2020-08-31,0.0365623762771015
usa,resff3_12_1,monthly,vw,1,2419,1133,2020-09-30,-0.0270693270229735
usa,resff3_12_1,monthly,vw,1,2461,1107,2020-10-31,-0.00208708654252525
usa,resff3_12_1,monthly,vw,1,2542,1098,2020-11-30,-0.0651865811164338
usa,resff3_12_1,monthly,vw,1,2506,1163,2020-12-31,-0.0147201749048412
usa,resff3_12_1,monthly,vw,1,2522,1173,2021-01-31,0.0321919494768127
usa,resff3_12_1,monthly,vw,1,2517,1243,2021-02-28,-0.0451874889473762
usa,resff3_12_1,monthly,vw,1,2516,1177,2021-03-31,-0.00177012821837717
usa,resff3_12_1,monthly,vw,1,2485,1160,2021-04-30,0.00629479600286376
usa,resff3_12_1,monthly,vw,1,2509,1176,2021-05-31,0.0244967933051369
usa,resff3_12_1,monthly,vw,1,2552,1231,2021-06-30,-0.0177116446865464
usa,resff3_12_1,monthly,vw,1,2523,1242,2021-07-31,0.000215960664879359
usa,resff3_12_1,monthly,vw,1,2614,1239,2021-08-31,0.00695804979867175
usa,resff3_12_1,monthly,vw,1,2591,1247,2021-09-30,-0.00544513332253876
usa,resff3_12_1,monthly,vw,1,2552,1227,2021-10-31,0.0218773338485332
usa,resff3_12_1,monthly,vw,1,2574,1168,2021-11-30,-0.0130425628962573
usa,resff3_12_1,monthly,vw,1,2581,1197,2021-12-31,-0.00669073450872069
usa,resff3_12_1,monthly,vw,1,2603,1159,2022-01-31,-0.0429061046083726
usa,resff3_12_1,monthly,vw,1,2568,1226,2022-02-28,0.00250743582077051
usa,resff3_12_1,monthly,vw,1,2578,1250,2022-03-31,0.0231092317458296
usa,resff3_12_1,monthly,vw,1,2565,1252,2022-04-30,-0.0414533284571926
usa,resff3_12_1,monthly,vw,1,2518,1215,2022-05-31,0.0173309178180866
usa,resff3_12_1,monthly,vw,1,2520,1239,2022-06-30,0.0253661795149391
usa,resff3_12_1,monthly,vw,1,2560,1167,2022-07-31,0.00939246340083133
usa,resff3_12_1,monthly,vw,1,2566,1146,2022-08-31,0.0315467121504827
usa,resff3_12_1,monthly,vw,1,2591,1082,2022-09-30,0.0271499125247828
usa,resff3_12_1,monthly,vw,1,2584,1134,2022-10-31,0.0443485613054142
usa,resff3_12_1,monthly,vw,1,2626,1095,2022-11-30,-0.0544740555528743
usa,resff3_12_1,monthly,vw,1,2596,1046,2022-12-31,0.027501175158203
usa,resff3_12_1,monthly,vw,1,2622,1121,2023-01-31,-0.0717069280736766
usa,resff3_12_1,monthly,vw,1,2690,1045,2023-02-28,-0.0171144766717671
usa,resff3_12_1,monthly,vw,1,2664,1161,2023-03-31,-0.0371859610616002
usa,resff3_12_1,monthly,vw,1,2674,1111,2023-04-30,-0.00253257554310568
usa,resff3_12_1,monthly,vw,1,2744,1154,2023-05-31,0.000813058960265713
usa,resff3_12_1,monthly,vw,1,2775,1174,2023-06-30,0.0111540546659371
usa,resff3_12_1,monthly,vw,1,2804,1266,2023-07-31,0.0120930970506488
usa,resff3_12_1,monthly,vw,1,2838,1332,2023-08-31,0.0152326226294726
usa,resff3_12_1,monthly,vw,1,2857,1342,2023-09-30,-0.0167803934319182
usa,resff3_12_1,monthly,vw,1,2850,1388,2023-10-31,-0.00599614999727604
usa,resff3_12_1,monthly,vw,1,2872,1420,2023-11-30,0.0581716503755488
usa,resff3_12_1,monthly,vw,1,2862,1403,2023-12-31,0.00831651254916199
usa,resff3_12_1,monthly,vw,1,2879,1372,2024-01-31,0.0260447907220517
usa,resff3_12_1,monthly,vw,1,2919,1385,2024-02-29,0.035921237699848
usa,resff3_12_1,monthly,vw,1,2939,1433,2024-03-31,0.0139422012332645
usa,resff3_12_1,monthly,vw,1,2918,1426,2024-04-30,-0.0266416467035356
usa,resff3_12_1,monthly,vw,1,2872,1425,2024-05-31,0.0221469161131086
usa,resff3_12_1,monthly,vw,1,2892,1420,2024-06-30,-0.00483803818825084
usa,resff3_12_1,monthly,vw,1,2923,1387,2024-07-31,-0.0522014672400918
usa,resff3_12_1,monthly,vw,1,2926,1384,2024-08-31,0.00561571938740291
usa,resff3_12_1,monthly,vw,1,2881,1373,2024-09-30,0.00767874069656307
usa,resff3_12_1,monthly,vw,1,2893,1418,2024-10-31,0.0197619497926874
usa,resff3_12_1,monthly,vw,1,2891,1416,2024-11-30,-0.0137626528879191
usa,resff3_12_1,monthly,vw,1,2880,1347,2024-12-31,-0.0359105899074163
