location,name,freq,weighting,n_factors,date,ret
usa,short_term_reversal,monthly,vw,3,1926-02-28,-0.00394011137160413
usa,short_term_reversal,monthly,vw,3,1926-03-31,-0.0444364671097217
usa,short_term_reversal,monthly,vw,3,1926-04-30,-0.00195921568886155
usa,short_term_reversal,monthly,vw,3,1926-05-31,-0.00371874965366503
usa,short_term_reversal,monthly,vw,4,1926-06-30,0.0382156494053297
usa,short_term_reversal,monthly,vw,4,1926-07-31,-0.0162985522527204
usa,short_term_reversal,monthly,vw,4,1926-08-31,-0.000539236742332965
usa,short_term_reversal,monthly,vw,4,1926-09-30,-0.00801502530139918
usa,short_term_reversal,monthly,vw,4,1926-10-31,0.00134853952823466
usa,short_term_reversal,monthly,vw,4,1926-11-30,0.0192439598335789
usa,short_term_reversal,monthly,vw,4,1926-12-31,0.0121157261353788
usa,short_term_reversal,monthly,vw,4,1927-01-31,-0.00709436077870313
usa,short_term_reversal,monthly,vw,4,1927-02-28,0.00431400517773878
usa,short_term_reversal,monthly,vw,4,1927-03-31,-0.0223503020486321
usa,short_term_reversal,monthly,vw,4,1927-04-30,-0.0216335669798458
usa,short_term_reversal,monthly,vw,4,1927-05-31,-0.00886805870950382
usa,short_term_reversal,monthly,vw,4,1927-06-30,0.000931487882110901
usa,short_term_reversal,monthly,vw,4,1927-07-31,0.0163981718441516
usa,short_term_reversal,monthly,vw,4,1927-08-31,-0.0163376798090756
usa,short_term_reversal,monthly,vw,4,1927-09-30,-0.00731348550805495
usa,short_term_reversal,monthly,vw,4,1927-10-31,-0.00292349161787835
usa,short_term_reversal,monthly,vw,4,1927-11-30,0.00104887285670682
usa,short_term_reversal,monthly,vw,4,1927-12-31,0.00697736994010792
usa,short_term_reversal,monthly,vw,4,1928-01-31,-0.00512090709070907
usa,short_term_reversal,monthly,vw,4,1928-02-29,0.0180709395382306
usa,short_term_reversal,monthly,vw,4,1928-03-31,-0.00190485429084397
usa,short_term_reversal,monthly,vw,4,1928-04-30,-0.0114081978346501
usa,short_term_reversal,monthly,vw,4,1928-05-31,0.0242780245007095
usa,short_term_reversal,monthly,vw,4,1928-06-30,0.0115246092396928
usa,short_term_reversal,monthly,vw,4,1928-07-31,0.0117209677992003
usa,short_term_reversal,monthly,vw,4,1928-08-31,-0.0153949734144834
usa,short_term_reversal,monthly,vw,4,1928-09-30,0.000831950681029073
usa,short_term_reversal,monthly,vw,4,1928-10-31,-0.00504986147065491
usa,short_term_reversal,monthly,vw,4,1928-11-30,-0.018581879380015
usa,short_term_reversal,monthly,vw,4,1928-12-31,0.00115988738603305
usa,short_term_reversal,monthly,vw,4,1929-01-31,-0.0131387261286398
usa,short_term_reversal,monthly,vw,4,1929-02-28,0.0109940067996695
usa,short_term_reversal,monthly,vw,4,1929-03-31,-0.0175762925159202
usa,short_term_reversal,monthly,vw,4,1929-04-30,0.00708334157863724
usa,short_term_reversal,monthly,vw,4,1929-05-31,0.011659367751821
usa,short_term_reversal,monthly,vw,4,1929-06-30,0.00406297036292493
usa,short_term_reversal,monthly,vw,4,1929-07-31,-0.0366855508393784
usa,short_term_reversal,monthly,vw,4,1929-08-31,-0.0114977963422838
usa,short_term_reversal,monthly,vw,4,1929-09-30,-0.00569129971909736
usa,short_term_reversal,monthly,vw,4,1929-10-31,0.0302627589986064
usa,short_term_reversal,monthly,vw,4,1929-11-30,-0.0108289113959828
usa,short_term_reversal,monthly,vw,4,1929-12-31,0.0129299056234161
usa,short_term_reversal,monthly,vw,4,1930-01-31,-0.00643512828432119
usa,short_term_reversal,monthly,vw,4,1930-02-28,-0.0111140162713614
usa,short_term_reversal,monthly,vw,4,1930-03-31,-0.0118580044347782
usa,short_term_reversal,monthly,vw,4,1930-04-30,-0.0153157742821428
usa,short_term_reversal,monthly,vw,4,1930-05-31,0.0131083588819683
usa,short_term_reversal,monthly,vw,4,1930-06-30,-0.00887983302920351
usa,short_term_reversal,monthly,vw,4,1930-07-31,0.015868323146761
usa,short_term_reversal,monthly,vw,4,1930-08-31,0.0180682811975369
usa,short_term_reversal,monthly,vw,4,1930-09-30,-0.0113697051220888
usa,short_term_reversal,monthly,vw,4,1930-10-31,-0.0180962629519487
usa,short_term_reversal,monthly,vw,4,1930-11-30,-0.0136590909340557
usa,short_term_reversal,monthly,vw,4,1930-12-31,0.0135689111740129
usa,short_term_reversal,monthly,vw,4,1931-01-31,0.0152290119839562
usa,short_term_reversal,monthly,vw,4,1931-02-28,-0.0125573299998744
usa,short_term_reversal,monthly,vw,4,1931-03-31,0.0315080171556965
usa,short_term_reversal,monthly,vw,4,1931-04-30,-0.0137754191106017
usa,short_term_reversal,monthly,vw,4,1931-05-31,-0.00989036045354866
usa,short_term_reversal,monthly,vw,4,1931-06-30,0.0273529963111587
usa,short_term_reversal,monthly,vw,4,1931-07-31,0.0314297119211152
usa,short_term_reversal,monthly,vw,4,1931-08-31,-0.000754503260609462
usa,short_term_reversal,monthly,vw,4,1931-09-30,0.0219832255979114
usa,short_term_reversal,monthly,vw,4,1931-10-31,0.0721400558070628
usa,short_term_reversal,monthly,vw,4,1931-11-30,0.0121667171171296
usa,short_term_reversal,monthly,vw,4,1931-12-31,-0.0242712757106127
usa,short_term_reversal,monthly,vw,4,1932-01-31,-0.00169974041161863
usa,short_term_reversal,monthly,vw,4,1932-02-29,0.00860982547973837
usa,short_term_reversal,monthly,vw,4,1932-03-31,0.00264854741820216
usa,short_term_reversal,monthly,vw,4,1932-04-30,-0.0111700335743686
usa,short_term_reversal,monthly,vw,4,1932-05-31,0.0039928532064788
usa,short_term_reversal,monthly,vw,4,1932-06-30,0.0714012819622846
usa,short_term_reversal,monthly,vw,4,1932-07-31,-0.107755771808595
usa,short_term_reversal,monthly,vw,4,1932-08-31,-0.177679429865518
usa,short_term_reversal,monthly,vw,4,1932-09-30,0.0144408154059771
usa,short_term_reversal,monthly,vw,4,1932-10-31,0.0405678599863639
usa,short_term_reversal,monthly,vw,4,1932-11-30,-0.00489424575879376
usa,short_term_reversal,monthly,vw,4,1932-12-31,-0.0244578864840406
usa,short_term_reversal,monthly,vw,4,1933-01-31,0.0137933977090772
usa,short_term_reversal,monthly,vw,4,1933-02-28,-0.00235960725646836
usa,short_term_reversal,monthly,vw,4,1933-03-31,0.0548088831325401
usa,short_term_reversal,monthly,vw,4,1933-04-30,-0.154106561377607
usa,short_term_reversal,monthly,vw,4,1933-05-31,0.0116554403458285
usa,short_term_reversal,monthly,vw,4,1933-06-30,-0.0211170918597348
usa,short_term_reversal,monthly,vw,4,1933-07-31,0.0246442588296196
usa,short_term_reversal,monthly,vw,4,1933-08-31,-0.00654806337146176
usa,short_term_reversal,monthly,vw,4,1933-09-30,-0.0203709194232144
usa,short_term_reversal,monthly,vw,4,1933-10-31,-0.0207311299048458
usa,short_term_reversal,monthly,vw,4,1933-11-30,-0.0166510263852644
usa,short_term_reversal,monthly,vw,4,1933-12-31,-0.0154024431836918
usa,short_term_reversal,monthly,vw,4,1934-01-31,-0.0180566835413422
usa,short_term_reversal,monthly,vw,4,1934-02-28,-0.00105319599258344
usa,short_term_reversal,monthly,vw,4,1934-03-31,-0.0128964664356963
usa,short_term_reversal,monthly,vw,4,1934-04-30,0.00721305036765405
usa,short_term_reversal,monthly,vw,4,1934-05-31,-0.0391911786481159
usa,short_term_reversal,monthly,vw,4,1934-06-30,0.00360110294369863
usa,short_term_reversal,monthly,vw,4,1934-07-31,-0.0150517067758333
usa,short_term_reversal,monthly,vw,4,1934-08-31,0.0247098132830573
usa,short_term_reversal,monthly,vw,4,1934-09-30,0.00561622207562665
usa,short_term_reversal,monthly,vw,4,1934-10-31,0.00356629895907374
usa,short_term_reversal,monthly,vw,4,1934-11-30,-0.025196200544836
usa,short_term_reversal,monthly,vw,4,1934-12-31,-0.00230224019558808
usa,short_term_reversal,monthly,vw,4,1935-01-31,0.00406846206051399
usa,short_term_reversal,monthly,vw,4,1935-02-28,0.003996263242542
usa,short_term_reversal,monthly,vw,4,1935-03-31,-0.0003959385753627
usa,short_term_reversal,monthly,vw,4,1935-04-30,0.0032771575332192
usa,short_term_reversal,monthly,vw,4,1935-05-31,-0.00288670645337791
usa,short_term_reversal,monthly,vw,4,1935-06-30,-0.0136602797969671
usa,short_term_reversal,monthly,vw,4,1935-07-31,-0.00234207518178431
usa,short_term_reversal,monthly,vw,4,1935-08-31,-0.0229408338089076
usa,short_term_reversal,monthly,vw,4,1935-09-30,-0.0227597900754274
usa,short_term_reversal,monthly,vw,4,1935-10-31,0.0234767752836544
usa,short_term_reversal,monthly,vw,4,1935-11-30,0.0203151940717891
usa,short_term_reversal,monthly,vw,4,1935-12-31,-0.00306121760622345
usa,short_term_reversal,monthly,vw,4,1936-01-31,-0.0263641348526383
usa,short_term_reversal,monthly,vw,4,1936-02-29,0.000536870955466271
usa,short_term_reversal,monthly,vw,4,1936-03-31,0.0272422811031342
usa,short_term_reversal,monthly,vw,4,1936-04-30,0.0135432280233649
usa,short_term_reversal,monthly,vw,4,1936-05-31,0.000780458781141573
usa,short_term_reversal,monthly,vw,4,1936-06-30,0.00604814947186743
usa,short_term_reversal,monthly,vw,4,1936-07-31,0.0132607829893931
usa,short_term_reversal,monthly,vw,4,1936-08-31,0.00277858453376826
usa,short_term_reversal,monthly,vw,4,1936-09-30,0.0106124393787995
usa,short_term_reversal,monthly,vw,4,1936-10-31,0.0077498764852632
usa,short_term_reversal,monthly,vw,4,1936-11-30,0.00683223829179285
usa,short_term_reversal,monthly,vw,4,1936-12-31,-0.0206037036509504
usa,short_term_reversal,monthly,vw,4,1937-01-31,-0.00238166582628246
usa,short_term_reversal,monthly,vw,4,1937-02-28,-0.00394140772053125
usa,short_term_reversal,monthly,vw,4,1937-03-31,-0.0162643573474794
usa,short_term_reversal,monthly,vw,4,1937-04-30,0.0112517016405239
usa,short_term_reversal,monthly,vw,4,1937-05-31,0.0122798301590818
usa,short_term_reversal,monthly,vw,4,1937-06-30,-0.00150404142672157
usa,short_term_reversal,monthly,vw,4,1937-07-31,0.015965834194126
usa,short_term_reversal,monthly,vw,4,1937-08-31,0.0069062222107759
usa,short_term_reversal,monthly,vw,4,1937-09-30,-0.0112110707212592
usa,short_term_reversal,monthly,vw,4,1937-10-31,-0.01625421942114
usa,short_term_reversal,monthly,vw,4,1937-11-30,-0.00210025662995317
usa,short_term_reversal,monthly,vw,4,1937-12-31,0.000260403266344331
usa,short_term_reversal,monthly,vw,4,1938-01-31,0.0307336459596676
usa,short_term_reversal,monthly,vw,4,1938-02-28,-0.00269881702862113
usa,short_term_reversal,monthly,vw,4,1938-03-31,0.0347204260882106
usa,short_term_reversal,monthly,vw,4,1938-04-30,0.0347614168344241
usa,short_term_reversal,monthly,vw,4,1938-05-31,0.0161710782561778
usa,short_term_reversal,monthly,vw,4,1938-06-30,0.0778502050728124
usa,short_term_reversal,monthly,vw,4,1938-07-31,-0.0104759535344412
usa,short_term_reversal,monthly,vw,4,1938-08-31,-0.0103116591913677
usa,short_term_reversal,monthly,vw,4,1938-09-30,0.00973267194375179
usa,short_term_reversal,monthly,vw,4,1938-10-31,0.0254335198172225
usa,short_term_reversal,monthly,vw,4,1938-11-30,0.00920621790164774
usa,short_term_reversal,monthly,vw,4,1938-12-31,-0.00753906929781567
usa,short_term_reversal,monthly,vw,4,1939-01-31,0.0016090079667954
usa,short_term_reversal,monthly,vw,4,1939-02-28,-0.00334851472175961
usa,short_term_reversal,monthly,vw,4,1939-03-31,0.0114137192439582
usa,short_term_reversal,monthly,vw,4,1939-04-30,0.0171823038482165
usa,short_term_reversal,monthly,vw,4,1939-05-31,0.00993841332181147
usa,short_term_reversal,monthly,vw,4,1939-06-30,0.0188761460848935
usa,short_term_reversal,monthly,vw,4,1939-07-31,0.0330114025089255
usa,short_term_reversal,monthly,vw,4,1939-08-31,0.0239014688663005
usa,short_term_reversal,monthly,vw,4,1939-09-30,0.0421117683543153
usa,short_term_reversal,monthly,vw,4,1939-10-31,0.075771157707224
usa,short_term_reversal,monthly,vw,4,1939-11-30,-0.00930403704597932
usa,short_term_reversal,monthly,vw,4,1939-12-31,0.00129149580650563
usa,short_term_reversal,monthly,vw,4,1940-01-31,0.00587990646611429
usa,short_term_reversal,monthly,vw,4,1940-02-29,0.00408992234483966
usa,short_term_reversal,monthly,vw,4,1940-03-31,0.000657141745887132
usa,short_term_reversal,monthly,vw,4,1940-04-30,0.00470778916931283
usa,short_term_reversal,monthly,vw,4,1940-05-31,0.0169210170273027
usa,short_term_reversal,monthly,vw,4,1940-06-30,0.0277243748177855
usa,short_term_reversal,monthly,vw,4,1940-07-31,0.00655760869498634
usa,short_term_reversal,monthly,vw,4,1940-08-31,-0.00795494078305509
usa,short_term_reversal,monthly,vw,4,1940-09-30,0.00623938194499443
usa,short_term_reversal,monthly,vw,4,1940-10-31,0.00857220950126188
usa,short_term_reversal,monthly,vw,4,1940-11-30,-0.0102278075689584
usa,short_term_reversal,monthly,vw,4,1940-12-31,0.00880948860733465
usa,short_term_reversal,monthly,vw,4,1941-01-31,-0.0204172644285582
usa,short_term_reversal,monthly,vw,4,1941-02-28,0.0049366925249216
usa,short_term_reversal,monthly,vw,4,1941-03-31,0.00202030623584233
usa,short_term_reversal,monthly,vw,4,1941-04-30,-0.00577026250012505
usa,short_term_reversal,monthly,vw,4,1941-05-31,0.00715765698863197
usa,short_term_reversal,monthly,vw,4,1941-06-30,0.0180134852068211
usa,short_term_reversal,monthly,vw,4,1941-07-31,0.0251208101708054
usa,short_term_reversal,monthly,vw,4,1941-08-31,0.0122806858542888
usa,short_term_reversal,monthly,vw,4,1941-09-30,-0.00140849524262982
usa,short_term_reversal,monthly,vw,4,1941-10-31,0.0173660459727204
usa,short_term_reversal,monthly,vw,4,1941-11-30,-0.026921130054892
usa,short_term_reversal,monthly,vw,4,1941-12-31,-0.021323668043107
usa,short_term_reversal,monthly,vw,4,1942-01-31,0.0362574555593975
usa,short_term_reversal,monthly,vw,4,1942-02-28,-0.0159469571849456
usa,short_term_reversal,monthly,vw,4,1942-03-31,-0.0131920047558478
usa,short_term_reversal,monthly,vw,4,1942-04-30,-0.00200903211754821
usa,short_term_reversal,monthly,vw,4,1942-05-31,0.00797130552345665
usa,short_term_reversal,monthly,vw,4,1942-06-30,0.0146775635621011
usa,short_term_reversal,monthly,vw,4,1942-07-31,0.0116454929216412
usa,short_term_reversal,monthly,vw,4,1942-08-31,0.00120192912608817
usa,short_term_reversal,monthly,vw,4,1942-09-30,-0.00027684520287418
usa,short_term_reversal,monthly,vw,4,1942-10-31,0.00525070073213677
usa,short_term_reversal,monthly,vw,4,1942-11-30,0.0353931117748457
usa,short_term_reversal,monthly,vw,4,1942-12-31,0.0190273909784495
usa,short_term_reversal,monthly,vw,4,1943-01-31,0.000796475867945149
usa,short_term_reversal,monthly,vw,4,1943-02-28,-0.0025243970114089
usa,short_term_reversal,monthly,vw,4,1943-03-31,-0.00520013110602948
usa,short_term_reversal,monthly,vw,4,1943-04-30,0.000295923935592404
usa,short_term_reversal,monthly,vw,4,1943-05-31,-0.00013054356811879
usa,short_term_reversal,monthly,vw,4,1943-06-30,0.0115499823972475
usa,short_term_reversal,monthly,vw,4,1943-07-31,0.0204695211638655
usa,short_term_reversal,monthly,vw,4,1943-08-31,0.00967889126857976
usa,short_term_reversal,monthly,vw,4,1943-09-30,0.00847106427875163
usa,short_term_reversal,monthly,vw,4,1943-10-31,0.00622334352738821
usa,short_term_reversal,monthly,vw,4,1943-11-30,0.00960240768350655
usa,short_term_reversal,monthly,vw,4,1943-12-31,0.0185659305560037
usa,short_term_reversal,monthly,vw,4,1944-01-31,0.00599541807297881
usa,short_term_reversal,monthly,vw,4,1944-02-29,-0.00172244178637599
usa,short_term_reversal,monthly,vw,4,1944-03-31,-0.000317538930262015
usa,short_term_reversal,monthly,vw,4,1944-04-30,0.00357062641715553
usa,short_term_reversal,monthly,vw,4,1944-05-31,0.00819625994983997
usa,short_term_reversal,monthly,vw,4,1944-06-30,0.0105105813169839
usa,short_term_reversal,monthly,vw,4,1944-07-31,0.0153643940753601
usa,short_term_reversal,monthly,vw,4,1944-08-31,0.00779217742450358
usa,short_term_reversal,monthly,vw,4,1944-09-30,-0.00379045125535781
usa,short_term_reversal,monthly,vw,4,1944-10-31,0.00348861764006361
usa,short_term_reversal,monthly,vw,4,1944-11-30,-0.00238266347683611
usa,short_term_reversal,monthly,vw,4,1944-12-31,-0.000634179684136878
usa,short_term_reversal,monthly,vw,4,1945-01-31,0.011503673277378
usa,short_term_reversal,monthly,vw,4,1945-02-28,-0.00377242819168656
usa,short_term_reversal,monthly,vw,4,1945-03-31,0.0145988574687327
usa,short_term_reversal,monthly,vw,4,1945-04-30,0.00446357457798907
usa,short_term_reversal,monthly,vw,4,1945-05-31,0.00824005117390862
usa,short_term_reversal,monthly,vw,4,1945-06-30,0.00259540180325074
usa,short_term_reversal,monthly,vw,4,1945-07-31,0.0145215330437475
usa,short_term_reversal,monthly,vw,4,1945-08-31,0.00726989446025755
usa,short_term_reversal,monthly,vw,4,1945-09-30,-0.0036983464211776
usa,short_term_reversal,monthly,vw,4,1945-10-31,-0.00781892792066468
usa,short_term_reversal,monthly,vw,4,1945-11-30,-0.00123987835731574
usa,short_term_reversal,monthly,vw,4,1945-12-31,0.0163628369312513
usa,short_term_reversal,monthly,vw,4,1946-01-31,0.0081946530192692
usa,short_term_reversal,monthly,vw,4,1946-02-28,0.0183252319483781
usa,short_term_reversal,monthly,vw,4,1946-03-31,-0.00871773612950714
usa,short_term_reversal,monthly,vw,4,1946-04-30,-0.0348125006345954
usa,short_term_reversal,monthly,vw,4,1946-05-31,0.0116388561896525
usa,short_term_reversal,monthly,vw,4,1946-06-30,0.0128404912711995
usa,short_term_reversal,monthly,vw,4,1946-07-31,0.00359225803012014
usa,short_term_reversal,monthly,vw,4,1946-08-31,-0.00169041894258547
usa,short_term_reversal,monthly,vw,4,1946-09-30,-0.00223503568419478
usa,short_term_reversal,monthly,vw,4,1946-10-31,0.0019922615373499
usa,short_term_reversal,monthly,vw,4,1946-11-30,0.00986547441223221
usa,short_term_reversal,monthly,vw,4,1946-12-31,-0.00598550797235466
usa,short_term_reversal,monthly,vw,4,1947-01-31,-0.0123210889447098
usa,short_term_reversal,monthly,vw,4,1947-02-28,-0.00663262756676568
usa,short_term_reversal,monthly,vw,4,1947-03-31,0.00301327771574557
usa,short_term_reversal,monthly,vw,4,1947-04-30,-0.00844839193545291
usa,short_term_reversal,monthly,vw,4,1947-05-31,0.0039859063317045
usa,short_term_reversal,monthly,vw,4,1947-06-30,-0.00773367252779531
usa,short_term_reversal,monthly,vw,4,1947-07-31,0.00146087452901492
usa,short_term_reversal,monthly,vw,4,1947-08-31,0.0096470096513618
usa,short_term_reversal,monthly,vw,4,1947-09-30,0.00641841342619978
usa,short_term_reversal,monthly,vw,4,1947-10-31,0.00883720120245115
usa,short_term_reversal,monthly,vw,4,1947-11-30,0.00118727601832099
usa,short_term_reversal,monthly,vw,4,1947-12-31,-0.00212092460207787
usa,short_term_reversal,monthly,vw,4,1948-01-31,0.0143175063922817
usa,short_term_reversal,monthly,vw,4,1948-02-29,0.00322584515667258
usa,short_term_reversal,monthly,vw,4,1948-03-31,0.00541003769231249
usa,short_term_reversal,monthly,vw,4,1948-04-30,0.0081095438922518
usa,short_term_reversal,monthly,vw,4,1948-05-31,0.0139698616083766
usa,short_term_reversal,monthly,vw,4,1948-06-30,0.00458674384528695
usa,short_term_reversal,monthly,vw,4,1948-07-31,0.0197050307665137
usa,short_term_reversal,monthly,vw,4,1948-08-31,0.00216457368051331
usa,short_term_reversal,monthly,vw,4,1948-09-30,0.00617019486139363
usa,short_term_reversal,monthly,vw,4,1948-10-31,0.00629465938775101
usa,short_term_reversal,monthly,vw,4,1948-11-30,0.0259041147595658
usa,short_term_reversal,monthly,vw,4,1948-12-31,0.00427477427477433
usa,short_term_reversal,monthly,vw,4,1949-01-31,0.00843327104457474
usa,short_term_reversal,monthly,vw,4,1949-02-28,-0.0040981648656314
usa,short_term_reversal,monthly,vw,4,1949-03-31,0.00679918404814721
usa,short_term_reversal,monthly,vw,4,1949-04-30,0.000318624738493484
usa,short_term_reversal,monthly,vw,4,1949-05-31,-0.00178659902080329
usa,short_term_reversal,monthly,vw,4,1949-06-30,-0.00350984406412805
usa,short_term_reversal,monthly,vw,4,1949-07-31,0.0101465228259794
usa,short_term_reversal,monthly,vw,4,1949-08-31,-0.00230406502720307
usa,short_term_reversal,monthly,vw,4,1949-09-30,-0.00318136813317035
usa,short_term_reversal,monthly,vw,4,1949-10-31,-0.00069098734277097
usa,short_term_reversal,monthly,vw,4,1949-11-30,-0.00389104620541153
usa,short_term_reversal,monthly,vw,4,1949-12-31,-0.00705359401546418
usa,short_term_reversal,monthly,vw,4,1950-01-31,-0.00672766966546144
usa,short_term_reversal,monthly,vw,4,1950-02-28,0.00296391437374336
usa,short_term_reversal,monthly,vw,4,1950-03-31,0.00697347454526802
usa,short_term_reversal,monthly,vw,4,1950-04-30,0.00349414254649568
usa,short_term_reversal,monthly,vw,4,1950-05-31,-0.00519637066520461
usa,short_term_reversal,monthly,vw,4,1950-06-30,-0.00729437175785327
usa,short_term_reversal,monthly,vw,4,1950-07-31,-0.0137759776775995
usa,short_term_reversal,monthly,vw,4,1950-08-31,0.00828114026114168
usa,short_term_reversal,monthly,vw,4,1950-09-30,-0.00802958381390919
usa,short_term_reversal,monthly,vw,4,1950-10-31,0.0158356479228745
usa,short_term_reversal,monthly,vw,4,1950-11-30,0.0122572509078422
usa,short_term_reversal,monthly,vw,4,1950-12-31,-0.0266781625862866
usa,short_term_reversal,monthly,vw,4,1951-01-31,0.00510577784627892
usa,short_term_reversal,monthly,vw,4,1951-02-28,0.0238739226148325
usa,short_term_reversal,monthly,vw,4,1951-03-31,0.00222099186379779
usa,short_term_reversal,monthly,vw,4,1951-04-30,-0.00470878642266405
usa,short_term_reversal,monthly,vw,4,1951-05-31,0.00767125484954613
usa,short_term_reversal,monthly,vw,5,1951-06-30,-0.00942908959245666
usa,short_term_reversal,monthly,vw,5,1951-07-31,-0.00522102335732629
usa,short_term_reversal,monthly,vw,5,1951-08-31,0.0084576334497481
usa,short_term_reversal,monthly,vw,5,1951-09-30,0.00447758823113102
usa,short_term_reversal,monthly,vw,5,1951-10-31,0.010488311520088
usa,short_term_reversal,monthly,vw,5,1951-11-30,0.00557393927488516
usa,short_term_reversal,monthly,vw,5,1951-12-31,0.00443104089653626
usa,short_term_reversal,monthly,vw,5,1952-01-31,0.0174613253831733
usa,short_term_reversal,monthly,vw,5,1952-02-29,0.00669852850029515
usa,short_term_reversal,monthly,vw,5,1952-03-31,-0.00959097181655552
usa,short_term_reversal,monthly,vw,5,1952-04-30,0.0175871130863831
usa,short_term_reversal,monthly,vw,5,1952-05-31,0.0064571103876944
usa,short_term_reversal,monthly,vw,5,1952-06-30,-0.00171336432360043
usa,short_term_reversal,monthly,vw,5,1952-07-31,-0.000690683099088348
usa,short_term_reversal,monthly,vw,5,1952-08-31,0.00893984280121469
usa,short_term_reversal,monthly,vw,5,1952-09-30,-0.0063520796275807
usa,short_term_reversal,monthly,vw,5,1952-10-31,0.00593254830674852
usa,short_term_reversal,monthly,vw,5,1952-11-30,0.00906999058987952
usa,short_term_reversal,monthly,vw,5,1952-12-31,0.0156667791903068
usa,short_term_reversal,monthly,vw,5,1953-01-31,0.00299724453867354
usa,short_term_reversal,monthly,vw,5,1953-02-28,-0.0077360424962208
usa,short_term_reversal,monthly,vw,5,1953-03-31,0.00540943726227007
usa,short_term_reversal,monthly,vw,5,1953-04-30,0.0118108766558319
usa,short_term_reversal,monthly,vw,5,1953-05-31,-0.000828525540138964
usa,short_term_reversal,monthly,vw,5,1953-06-30,0.0000263283778244638
usa,short_term_reversal,monthly,vw,5,1953-07-31,0.000219249933879059
usa,short_term_reversal,monthly,vw,5,1953-08-31,0.00205543334182578
usa,short_term_reversal,monthly,vw,5,1953-09-30,-0.0034791490616336
usa,short_term_reversal,monthly,vw,5,1953-10-31,0.00332569504025964
usa,short_term_reversal,monthly,vw,5,1953-11-30,-0.00222229691128806
usa,short_term_reversal,monthly,vw,5,1953-12-31,-0.00282256053715845
usa,short_term_reversal,monthly,vw,5,1954-01-31,0.0154500221180675
usa,short_term_reversal,monthly,vw,5,1954-02-28,0.00472044883833916
usa,short_term_reversal,monthly,vw,5,1954-03-31,-0.00500887972730376
usa,short_term_reversal,monthly,vw,5,1954-04-30,-0.00165809136429163
usa,short_term_reversal,monthly,vw,5,1954-05-31,0.0132072151102198
usa,short_term_reversal,monthly,vw,5,1954-06-30,-0.00325867943750014
usa,short_term_reversal,monthly,vw,5,1954-07-31,0.0162428949601322
usa,short_term_reversal,monthly,vw,5,1954-08-31,0.0133775854605346
usa,short_term_reversal,monthly,vw,5,1954-09-30,0.000912922430324592
usa,short_term_reversal,monthly,vw,5,1954-10-31,-0.0000649326832178779
usa,short_term_reversal,monthly,vw,5,1954-11-30,-0.0135304699204798
usa,short_term_reversal,monthly,vw,5,1954-12-31,0.00270314693056501
usa,short_term_reversal,monthly,vw,5,1955-01-31,0.0103513650947181
usa,short_term_reversal,monthly,vw,5,1955-02-28,0.0220686329822601
usa,short_term_reversal,monthly,vw,5,1955-03-31,-0.00300938342398066
usa,short_term_reversal,monthly,vw,5,1955-04-30,0.0117452827226411
usa,short_term_reversal,monthly,vw,5,1955-05-31,-0.00653378819689441
usa,short_term_reversal,monthly,vw,5,1955-06-30,0.0130622323397532
usa,short_term_reversal,monthly,vw,5,1955-07-31,-0.00630724492886926
usa,short_term_reversal,monthly,vw,5,1955-08-31,0.0147454590922528
usa,short_term_reversal,monthly,vw,5,1955-09-30,0.021045837752715
usa,short_term_reversal,monthly,vw,5,1955-10-31,0.0049037148305397
usa,short_term_reversal,monthly,vw,5,1955-11-30,0.00711174401269734
usa,short_term_reversal,monthly,vw,5,1955-12-31,0.0114633335310113
usa,short_term_reversal,monthly,vw,5,1956-01-31,-0.00478304133880193
usa,short_term_reversal,monthly,vw,5,1956-02-29,0.0147255444942473
usa,short_term_reversal,monthly,vw,5,1956-03-31,-0.000639036688165331
usa,short_term_reversal,monthly,vw,5,1956-04-30,-0.0195511512106813
usa,short_term_reversal,monthly,vw,5,1956-05-31,0.0135448190677455
usa,short_term_reversal,monthly,vw,5,1956-06-30,-0.00965424553531431
usa,short_term_reversal,monthly,vw,5,1956-07-31,-0.0157683406298452
usa,short_term_reversal,monthly,vw,5,1956-08-31,0.00853160684363769
usa,short_term_reversal,monthly,vw,5,1956-09-30,-0.0104372350201102
usa,short_term_reversal,monthly,vw,5,1956-10-31,0.00453604135743083
usa,short_term_reversal,monthly,vw,5,1956-11-30,-0.0102435718579164
usa,short_term_reversal,monthly,vw,5,1956-12-31,0.00211074878090764
usa,short_term_reversal,monthly,vw,5,1957-01-31,0.00814587882338545
usa,short_term_reversal,monthly,vw,5,1957-02-28,-0.0000791372793626372
usa,short_term_reversal,monthly,vw,5,1957-03-31,-0.00376719857685254
usa,short_term_reversal,monthly,vw,5,1957-04-30,-0.00282164025848307
usa,short_term_reversal,monthly,vw,5,1957-05-31,0.00194209285671875
usa,short_term_reversal,monthly,vw,5,1957-06-30,-0.0122850043832975
usa,short_term_reversal,monthly,vw,5,1957-07-31,0.00674184126787663
usa,short_term_reversal,monthly,vw,5,1957-08-31,-0.00956481216919496
usa,short_term_reversal,monthly,vw,5,1957-09-30,-0.00239435500559841
usa,short_term_reversal,monthly,vw,5,1957-10-31,-0.00591153892145308
usa,short_term_reversal,monthly,vw,5,1957-11-30,0.0012650870234844
usa,short_term_reversal,monthly,vw,5,1957-12-31,0.00798674333931127
usa,short_term_reversal,monthly,vw,5,1958-01-31,0.00863925908301893
usa,short_term_reversal,monthly,vw,5,1958-02-28,-0.00232961286609485
usa,short_term_reversal,monthly,vw,5,1958-03-31,-0.00486764994794445
usa,short_term_reversal,monthly,vw,5,1958-04-30,0.00310725099874023
usa,short_term_reversal,monthly,vw,5,1958-05-31,0.0090638741580737
usa,short_term_reversal,monthly,vw,5,1958-06-30,0.00540188332236356
usa,short_term_reversal,monthly,vw,5,1958-07-31,-0.00778755399234032
usa,short_term_reversal,monthly,vw,5,1958-08-31,0.00280688943328209
usa,short_term_reversal,monthly,vw,5,1958-09-30,0.00333310584149384
usa,short_term_reversal,monthly,vw,5,1958-10-31,-0.0084950392452035
usa,short_term_reversal,monthly,vw,5,1958-11-30,0.000233742213986855
usa,short_term_reversal,monthly,vw,5,1958-12-31,-0.0100284713486871
usa,short_term_reversal,monthly,vw,5,1959-01-31,0.00908640376168301
usa,short_term_reversal,monthly,vw,5,1959-02-28,-0.00483429403575804
usa,short_term_reversal,monthly,vw,5,1959-03-31,0.0123785648538064
usa,short_term_reversal,monthly,vw,5,1959-04-30,-0.00315893724338797
usa,short_term_reversal,monthly,vw,5,1959-05-31,-0.00817646589981123
usa,short_term_reversal,monthly,vw,5,1959-06-30,0.0000521758021135446
usa,short_term_reversal,monthly,vw,5,1959-07-31,0.0000552341609802332
usa,short_term_reversal,monthly,vw,5,1959-08-31,0.00299211026594077
usa,short_term_reversal,monthly,vw,5,1959-09-30,0.00159084633989861
usa,short_term_reversal,monthly,vw,5,1959-10-31,0.00967687281261446
usa,short_term_reversal,monthly,vw,5,1959-11-30,-0.0117432640867993
usa,short_term_reversal,monthly,vw,5,1959-12-31,0.0096731792467417
usa,short_term_reversal,monthly,vw,5,1960-01-31,0.0121993485050982
usa,short_term_reversal,monthly,vw,5,1960-02-29,0.00438679207878508
usa,short_term_reversal,monthly,vw,5,1960-03-31,0.00136022888761299
usa,short_term_reversal,monthly,vw,5,1960-04-30,-0.000224769610740736
usa,short_term_reversal,monthly,vw,5,1960-05-31,-0.0197759673514522
usa,short_term_reversal,monthly,vw,5,1960-06-30,0.00634880652766802
usa,short_term_reversal,monthly,vw,5,1960-07-31,-0.00144264677865045
usa,short_term_reversal,monthly,vw,5,1960-08-31,-0.00237401969728531
usa,short_term_reversal,monthly,vw,5,1960-09-30,-0.0124144193806885
usa,short_term_reversal,monthly,vw,5,1960-10-31,0.0030720696120848
usa,short_term_reversal,monthly,vw,5,1960-11-30,-0.00417063940940468
usa,short_term_reversal,monthly,vw,5,1960-12-31,0.014371427959131
usa,short_term_reversal,monthly,vw,5,1961-01-31,-0.0102081157886135
usa,short_term_reversal,monthly,vw,5,1961-02-28,-0.00159002176761758
usa,short_term_reversal,monthly,vw,5,1961-03-31,0.0015729018392729
usa,short_term_reversal,monthly,vw,5,1961-04-30,0.00782855178057961
usa,short_term_reversal,monthly,vw,5,1961-05-31,0.0205393702348856
usa,short_term_reversal,monthly,vw,5,1961-06-30,0.00694590427253647
usa,short_term_reversal,monthly,vw,5,1961-07-31,-0.000792737227688142
usa,short_term_reversal,monthly,vw,5,1961-08-31,-0.00132543406052548
usa,short_term_reversal,monthly,vw,5,1961-09-30,0.00086044217088813
usa,short_term_reversal,monthly,vw,5,1961-10-31,-0.00984719759162897
usa,short_term_reversal,monthly,vw,5,1961-11-30,-0.00169161785776921
usa,short_term_reversal,monthly,vw,5,1961-12-31,-0.00720872278093694
usa,short_term_reversal,monthly,vw,5,1962-01-31,-0.00219326604337393
usa,short_term_reversal,monthly,vw,5,1962-02-28,0.00466887787403341
usa,short_term_reversal,monthly,vw,5,1962-03-31,0.00392139562612535
usa,short_term_reversal,monthly,vw,5,1962-04-30,-0.00305439499293762
usa,short_term_reversal,monthly,vw,5,1962-05-31,0.00476155766692904
usa,short_term_reversal,monthly,vw,5,1962-06-30,0.00542593959742895
usa,short_term_reversal,monthly,vw,5,1962-07-31,0.00306558199785334
usa,short_term_reversal,monthly,vw,5,1962-08-31,0.00613667388832865
usa,short_term_reversal,monthly,vw,5,1962-09-30,0.0157262182846306
usa,short_term_reversal,monthly,vw,5,1962-10-31,-0.00128344067472727
usa,short_term_reversal,monthly,vw,5,1962-11-30,0.00887017892113926
usa,short_term_reversal,monthly,vw,5,1962-12-31,0.0237368803763773
usa,short_term_reversal,monthly,vw,5,1963-01-31,0.0107772154302438
usa,short_term_reversal,monthly,vw,5,1963-02-28,0.00562588119909933
usa,short_term_reversal,monthly,vw,5,1963-03-31,0.00870808361663614
usa,short_term_reversal,monthly,vw,5,1963-04-30,-0.00856756958858535
usa,short_term_reversal,monthly,vw,5,1963-05-31,0.00202495556101526
usa,short_term_reversal,monthly,vw,5,1963-06-30,0.0116238533860859
usa,short_term_reversal,monthly,vw,5,1963-07-31,0.00209125530838625
usa,short_term_reversal,monthly,vw,5,1963-08-31,0.00864224618873572
usa,short_term_reversal,monthly,vw,5,1963-09-30,0.0079988695168341
usa,short_term_reversal,monthly,vw,5,1963-10-31,-0.0111435086356525
usa,short_term_reversal,monthly,vw,5,1963-11-30,-0.00499311962351457
usa,short_term_reversal,monthly,vw,5,1963-12-31,0.010995808093364
usa,short_term_reversal,monthly,vw,5,1964-01-31,0.00202732088035711
usa,short_term_reversal,monthly,vw,5,1964-02-29,-0.00103801275205616
usa,short_term_reversal,monthly,vw,5,1964-03-31,0.00446027440496283
usa,short_term_reversal,monthly,vw,5,1964-04-30,0.0151407522298537
usa,short_term_reversal,monthly,vw,5,1964-05-31,-0.00675343994740558
usa,short_term_reversal,monthly,vw,5,1964-06-30,-0.000687863944914919
usa,short_term_reversal,monthly,vw,5,1964-07-31,0.0127310260876141
usa,short_term_reversal,monthly,vw,5,1964-08-31,-0.00509191001258825
usa,short_term_reversal,monthly,vw,5,1964-09-30,-0.00179601611177696
usa,short_term_reversal,monthly,vw,5,1964-10-31,0.00495261091922743
usa,short_term_reversal,monthly,vw,5,1964-11-30,0.00512491904421473
usa,short_term_reversal,monthly,vw,5,1964-12-31,0.000976489681434995
usa,short_term_reversal,monthly,vw,5,1965-01-31,0.00483701300204557
usa,short_term_reversal,monthly,vw,5,1965-02-28,-0.0117496259442828
usa,short_term_reversal,monthly,vw,5,1965-03-31,-0.00294253234452399
usa,short_term_reversal,monthly,vw,5,1965-04-30,-0.00382020099960659
usa,short_term_reversal,monthly,vw,5,1965-05-31,-0.0016054705242404
usa,short_term_reversal,monthly,vw,5,1965-06-30,-0.00374826410645195
usa,short_term_reversal,monthly,vw,5,1965-07-31,0.0167849264643247
usa,short_term_reversal,monthly,vw,5,1965-08-31,-0.00562606800441572
usa,short_term_reversal,monthly,vw,5,1965-09-30,-0.0041037639011019
usa,short_term_reversal,monthly,vw,5,1965-10-31,0.00176893781588094
usa,short_term_reversal,monthly,vw,5,1965-11-30,-0.00882104590595889
usa,short_term_reversal,monthly,vw,5,1965-12-31,-0.00028422980337844
usa,short_term_reversal,monthly,vw,5,1966-01-31,-0.0178222970357662
usa,short_term_reversal,monthly,vw,5,1966-02-28,-0.0250970329100928
usa,short_term_reversal,monthly,vw,5,1966-03-31,0.000506712793067
usa,short_term_reversal,monthly,vw,5,1966-04-30,-0.0154310590198042
usa,short_term_reversal,monthly,vw,5,1966-05-31,0.0149183773010682
usa,short_term_reversal,monthly,vw,5,1966-06-30,0.00694844765000553
usa,short_term_reversal,monthly,vw,5,1966-07-31,0.000208925797438278
usa,short_term_reversal,monthly,vw,5,1966-08-31,0.00151688581984206
usa,short_term_reversal,monthly,vw,5,1966-09-30,0.00999207488888941
usa,short_term_reversal,monthly,vw,5,1966-10-31,-0.0177494727682316
usa,short_term_reversal,monthly,vw,5,1966-11-30,0.0129370150637676
usa,short_term_reversal,monthly,vw,5,1966-12-31,0.00464279060056321
usa,short_term_reversal,monthly,vw,5,1967-01-31,0.0017951995618678
usa,short_term_reversal,monthly,vw,5,1967-02-28,0.00335236260754404
usa,short_term_reversal,monthly,vw,5,1967-03-31,-0.000953376728392005
usa,short_term_reversal,monthly,vw,5,1967-04-30,0.0099979234856966
usa,short_term_reversal,monthly,vw,5,1967-05-31,0.0114689497585527
usa,short_term_reversal,monthly,vw,5,1967-06-30,-0.0115969828669163
usa,short_term_reversal,monthly,vw,5,1967-07-31,0.00477949949065065
usa,short_term_reversal,monthly,vw,5,1967-08-31,0.00664377780972004
usa,short_term_reversal,monthly,vw,6,1967-09-30,0.00333981626931397
usa,short_term_reversal,monthly,vw,6,1967-10-31,-0.0185737543405263
usa,short_term_reversal,monthly,vw,6,1967-11-30,0.00143313052340332
usa,short_term_reversal,monthly,vw,5,1967-12-31,0.00249208473110973
usa,short_term_reversal,monthly,vw,5,1968-01-31,-0.00127348574496427
usa,short_term_reversal,monthly,vw,5,1968-02-29,0.000368348974149101
usa,short_term_reversal,monthly,vw,5,1968-03-31,-0.00354826644237873
usa,short_term_reversal,monthly,vw,5,1968-04-30,-0.0165498942442299
usa,short_term_reversal,monthly,vw,5,1968-05-31,-0.00671175781561512
usa,short_term_reversal,monthly,vw,5,1968-06-30,0.00882437955944242
usa,short_term_reversal,monthly,vw,6,1968-07-31,0.00260097874167839
usa,short_term_reversal,monthly,vw,6,1968-08-31,-0.00691482665424313
usa,short_term_reversal,monthly,vw,6,1968-09-30,-0.00552461598519199
usa,short_term_reversal,monthly,vw,6,1968-10-31,0.00331699194156768
usa,short_term_reversal,monthly,vw,6,1968-11-30,0.0129560807669162
usa,short_term_reversal,monthly,vw,6,1968-12-31,0.00615565987094021
usa,short_term_reversal,monthly,vw,5,1969-01-31,0.00100674897562175
usa,short_term_reversal,monthly,vw,5,1969-02-28,0.0119948210559247
usa,short_term_reversal,monthly,vw,6,1969-03-31,0.010460583811583
usa,short_term_reversal,monthly,vw,6,1969-04-30,0.00680556076178617
usa,short_term_reversal,monthly,vw,6,1969-05-31,0.0122746556245004
usa,short_term_reversal,monthly,vw,6,1969-06-30,0.0229289697286175
usa,short_term_reversal,monthly,vw,6,1969-07-31,0.00328603606135536
usa,short_term_reversal,monthly,vw,6,1969-08-31,-0.00296563653901666
usa,short_term_reversal,monthly,vw,6,1969-09-30,0.00255058083190208
usa,short_term_reversal,monthly,vw,6,1969-10-31,-0.0162854110441502
usa,short_term_reversal,monthly,vw,6,1969-11-30,0.00287760621579952
usa,short_term_reversal,monthly,vw,6,1969-12-31,-0.00879852762293336
usa,short_term_reversal,monthly,vw,6,1970-01-31,-0.00158851600885146
usa,short_term_reversal,monthly,vw,6,1970-02-28,0.000596589616377665
usa,short_term_reversal,monthly,vw,6,1970-03-31,-0.00673648925820764
usa,short_term_reversal,monthly,vw,6,1970-04-30,0.00358598112363135
usa,short_term_reversal,monthly,vw,6,1970-05-31,-0.00307279971675126
usa,short_term_reversal,monthly,vw,6,1970-06-30,0.0197178134562981
usa,short_term_reversal,monthly,vw,6,1970-07-31,0.0182905194823693
usa,short_term_reversal,monthly,vw,6,1970-08-31,-0.00196000609769116
usa,short_term_reversal,monthly,vw,6,1970-09-30,0.00554961740018023
usa,short_term_reversal,monthly,vw,6,1970-10-31,0.0246305136255125
usa,short_term_reversal,monthly,vw,6,1970-11-30,0.00974655776377446
usa,short_term_reversal,monthly,vw,6,1970-12-31,0.000742729058612928
usa,short_term_reversal,monthly,vw,6,1971-01-31,-0.0142035643400191
usa,short_term_reversal,monthly,vw,6,1971-02-28,-0.0016968292907592
usa,short_term_reversal,monthly,vw,6,1971-03-31,-0.00452120677936235
usa,short_term_reversal,monthly,vw,6,1971-04-30,0.0134968388634007
usa,short_term_reversal,monthly,vw,6,1971-05-31,-0.0081742967013925
usa,short_term_reversal,monthly,vw,6,1971-06-30,-0.00453360443278683
usa,short_term_reversal,monthly,vw,6,1971-07-31,0.003054605245771
usa,short_term_reversal,monthly,vw,6,1971-08-31,0.025998014053007
usa,short_term_reversal,monthly,vw,6,1971-09-30,0.00272213041559016
usa,short_term_reversal,monthly,vw,6,1971-10-31,-0.0142222339551624
usa,short_term_reversal,monthly,vw,6,1971-11-30,0.000171330463957396
usa,short_term_reversal,monthly,vw,6,1971-12-31,0.0143371653407499
usa,short_term_reversal,monthly,vw,6,1972-01-31,-0.000907062764448132
usa,short_term_reversal,monthly,vw,6,1972-02-29,-0.0051588718831201
usa,short_term_reversal,monthly,vw,6,1972-03-31,0.00924838064707234
usa,short_term_reversal,monthly,vw,6,1972-04-30,0.000400916378458534
usa,short_term_reversal,monthly,vw,6,1972-05-31,-0.00346766699777673
usa,short_term_reversal,monthly,vw,6,1972-06-30,-0.00319669392487813
usa,short_term_reversal,monthly,vw,6,1972-07-31,-0.00434532342842452
usa,short_term_reversal,monthly,vw,6,1972-08-31,0.0161570522852626
usa,short_term_reversal,monthly,vw,6,1972-09-30,0.0024442834985038
usa,short_term_reversal,monthly,vw,6,1972-10-31,-0.00212495524692277
usa,short_term_reversal,monthly,vw,6,1972-11-30,0.0220058417103177
usa,short_term_reversal,monthly,vw,6,1972-12-31,0.0153701664734871
usa,short_term_reversal,monthly,vw,6,1973-01-31,0.00123113288395755
usa,short_term_reversal,monthly,vw,6,1973-02-28,-0.0040089198768331
usa,short_term_reversal,monthly,vw,6,1973-03-31,0.0000742074382482517
usa,short_term_reversal,monthly,vw,6,1973-04-30,0.00409383596912879
usa,short_term_reversal,monthly,vw,6,1973-05-31,-0.00661075353543099
usa,short_term_reversal,monthly,vw,6,1973-06-30,-0.00444912772121618
usa,short_term_reversal,monthly,vw,6,1973-07-31,0.0113526237467722
usa,short_term_reversal,monthly,vw,6,1973-08-31,0.00240411337865859
usa,short_term_reversal,monthly,vw,6,1973-09-30,0.0191929231262812
usa,short_term_reversal,monthly,vw,6,1973-10-31,0.00377659895173287
usa,short_term_reversal,monthly,vw,6,1973-11-30,-0.00781290234465523
usa,short_term_reversal,monthly,vw,6,1973-12-31,-0.0117566767186604
usa,short_term_reversal,monthly,vw,6,1974-01-31,-0.0236261640039406
usa,short_term_reversal,monthly,vw,6,1974-02-28,0.00118231412057836
usa,short_term_reversal,monthly,vw,6,1974-03-31,0.00947758630535604
usa,short_term_reversal,monthly,vw,6,1974-04-30,-0.00865033251830479
usa,short_term_reversal,monthly,vw,6,1974-05-31,-0.00765523939272184
usa,short_term_reversal,monthly,vw,6,1974-06-30,-0.0155824065591289
usa,short_term_reversal,monthly,vw,6,1974-07-31,-0.00647492627395553
usa,short_term_reversal,monthly,vw,6,1974-08-31,-0.026422717139106
usa,short_term_reversal,monthly,vw,6,1974-09-30,-0.00594292987361406
usa,short_term_reversal,monthly,vw,6,1974-10-31,0.0342734067389068
usa,short_term_reversal,monthly,vw,6,1974-11-30,0.00263896421895161
usa,short_term_reversal,monthly,vw,6,1974-12-31,0.0319085765588605
usa,short_term_reversal,monthly,vw,6,1975-01-31,0.0254026630387215
usa,short_term_reversal,monthly,vw,6,1975-02-28,0.0130782414518066
usa,short_term_reversal,monthly,vw,6,1975-03-31,-0.00858513089704339
usa,short_term_reversal,monthly,vw,6,1975-04-30,-0.017742972215851
usa,short_term_reversal,monthly,vw,6,1975-05-31,0.0274433288192709
usa,short_term_reversal,monthly,vw,6,1975-06-30,0.00610839042166867
usa,short_term_reversal,monthly,vw,6,1975-07-31,0.000394677147235369
usa,short_term_reversal,monthly,vw,6,1975-08-31,0.0124550034156981
usa,short_term_reversal,monthly,vw,6,1975-09-30,0.00530156122799018
usa,short_term_reversal,monthly,vw,6,1975-10-31,-0.00408209784426287
usa,short_term_reversal,monthly,vw,6,1975-11-30,-0.0164194458473196
usa,short_term_reversal,monthly,vw,6,1975-12-31,0.0104892122555683
usa,short_term_reversal,monthly,vw,6,1976-01-31,0.00445908673817952
usa,short_term_reversal,monthly,vw,6,1976-02-29,-0.0131176698392901
usa,short_term_reversal,monthly,vw,6,1976-03-31,0.0093014774742802
usa,short_term_reversal,monthly,vw,6,1976-04-30,0.00316781021775138
usa,short_term_reversal,monthly,vw,6,1976-05-31,-0.0131405157216221
usa,short_term_reversal,monthly,vw,6,1976-06-30,-0.0093530240753806
usa,short_term_reversal,monthly,vw,6,1976-07-31,0.00235875293992561
usa,short_term_reversal,monthly,vw,6,1976-08-31,-0.0152452223418753
usa,short_term_reversal,monthly,vw,6,1976-09-30,-0.00456660999469448
usa,short_term_reversal,monthly,vw,6,1976-10-31,-0.00164371427579376
usa,short_term_reversal,monthly,vw,6,1976-11-30,-0.00724702554197479
usa,short_term_reversal,monthly,vw,6,1976-12-31,0.0107456128418063
usa,short_term_reversal,monthly,vw,6,1977-01-31,-0.00710250461152432
usa,short_term_reversal,monthly,vw,6,1977-02-28,0.00240200058038277
usa,short_term_reversal,monthly,vw,6,1977-03-31,-0.000444322983644238
usa,short_term_reversal,monthly,vw,6,1977-04-30,0.00533778017309999
usa,short_term_reversal,monthly,vw,6,1977-05-31,-0.00870532795407745
usa,short_term_reversal,monthly,vw,6,1977-06-30,0.000557235353265434
usa,short_term_reversal,monthly,vw,6,1977-07-31,0.00253646328996363
usa,short_term_reversal,monthly,vw,6,1977-08-31,-0.0127359391564556
usa,short_term_reversal,monthly,vw,6,1977-09-30,0.00484793421161134
usa,short_term_reversal,monthly,vw,6,1977-10-31,-0.00126054821948634
usa,short_term_reversal,monthly,vw,6,1977-11-30,-0.00977269180498073
usa,short_term_reversal,monthly,vw,6,1977-12-31,-0.00357182105951927
usa,short_term_reversal,monthly,vw,6,1978-01-31,0.000783368730495036
usa,short_term_reversal,monthly,vw,6,1978-02-28,-0.00967514587469831
usa,short_term_reversal,monthly,vw,6,1978-03-31,-0.00893377998949018
usa,short_term_reversal,monthly,vw,6,1978-04-30,0.00140182059436342
usa,short_term_reversal,monthly,vw,6,1978-05-31,-0.0105396314150557
usa,short_term_reversal,monthly,vw,6,1978-06-30,0.00233322937458295
usa,short_term_reversal,monthly,vw,6,1978-07-31,-0.0141296108907725
usa,short_term_reversal,monthly,vw,6,1978-08-31,-0.00324780554312748
usa,short_term_reversal,monthly,vw,6,1978-09-30,0.00644936955238568
usa,short_term_reversal,monthly,vw,6,1978-10-31,0.00348751368365823
usa,short_term_reversal,monthly,vw,6,1978-11-30,0.0130183961570664
usa,short_term_reversal,monthly,vw,6,1978-12-31,-0.00869550742545031
usa,short_term_reversal,monthly,vw,6,1979-01-31,0.0107633172638519
usa,short_term_reversal,monthly,vw,6,1979-02-28,0.002048742392731
usa,short_term_reversal,monthly,vw,6,1979-03-31,-0.0110640898365286
usa,short_term_reversal,monthly,vw,6,1979-04-30,-0.00185797980062867
usa,short_term_reversal,monthly,vw,6,1979-05-31,0.00555804015584323
usa,short_term_reversal,monthly,vw,6,1979-06-30,-0.0142064652364902
usa,short_term_reversal,monthly,vw,6,1979-07-31,-0.00389889334566288
usa,short_term_reversal,monthly,vw,6,1979-08-31,0.00371137054238719
usa,short_term_reversal,monthly,vw,6,1979-09-30,-0.0204874780902174
usa,short_term_reversal,monthly,vw,6,1979-10-31,-0.00614569407260106
usa,short_term_reversal,monthly,vw,6,1979-11-30,0.00271375290085633
usa,short_term_reversal,monthly,vw,6,1979-12-31,0.00647260942771598
usa,short_term_reversal,monthly,vw,6,1980-01-31,-0.0304857879898765
usa,short_term_reversal,monthly,vw,6,1980-02-29,-0.0284521637256909
usa,short_term_reversal,monthly,vw,6,1980-03-31,0.0413215285818496
usa,short_term_reversal,monthly,vw,6,1980-04-30,-0.000246914583518383
usa,short_term_reversal,monthly,vw,6,1980-05-31,0.0114514926562263
usa,short_term_reversal,monthly,vw,6,1980-06-30,0.00537018530220552
usa,short_term_reversal,monthly,vw,6,1980-07-31,0.00865586005106623
usa,short_term_reversal,monthly,vw,6,1980-08-31,-0.00119824678822692
usa,short_term_reversal,monthly,vw,6,1980-09-30,-0.00589027517704507
usa,short_term_reversal,monthly,vw,6,1980-10-31,-0.0166303486752426
usa,short_term_reversal,monthly,vw,6,1980-11-30,-0.0204859186511815
usa,short_term_reversal,monthly,vw,6,1980-12-31,0.0248562951544308
usa,short_term_reversal,monthly,vw,6,1981-01-31,-0.0292230548063713
usa,short_term_reversal,monthly,vw,6,1981-02-28,-0.0173434237957058
usa,short_term_reversal,monthly,vw,6,1981-03-31,0.0252328494758038
usa,short_term_reversal,monthly,vw,6,1981-04-30,-0.00130138436250382
usa,short_term_reversal,monthly,vw,6,1981-05-31,-0.0273244588812048
usa,short_term_reversal,monthly,vw,6,1981-06-30,0.00870877660136642
usa,short_term_reversal,monthly,vw,6,1981-07-31,-0.015277663695313
usa,short_term_reversal,monthly,vw,6,1981-08-31,-0.00545188323592787
usa,short_term_reversal,monthly,vw,6,1981-09-30,0.0155218308731416
usa,short_term_reversal,monthly,vw,6,1981-10-31,-0.00249062251031819
usa,short_term_reversal,monthly,vw,6,1981-11-30,0.00858458475337543
usa,short_term_reversal,monthly,vw,6,1981-12-31,0.0048087906865616
usa,short_term_reversal,monthly,vw,6,1982-01-31,0.0106486907738384
usa,short_term_reversal,monthly,vw,6,1982-02-28,-0.0031768809089352
usa,short_term_reversal,monthly,vw,6,1982-03-31,-0.00647807394003564
usa,short_term_reversal,monthly,vw,6,1982-04-30,0.00969258017763984
usa,short_term_reversal,monthly,vw,6,1982-05-31,0.00456299217062778
usa,short_term_reversal,monthly,vw,6,1982-06-30,0.00224622773400312
usa,short_term_reversal,monthly,vw,6,1982-07-31,-0.00169235303349179
usa,short_term_reversal,monthly,vw,6,1982-08-31,0.00622393176701505
usa,short_term_reversal,monthly,vw,6,1982-09-30,0.00503851257198978
usa,short_term_reversal,monthly,vw,6,1982-10-31,0.0053681356576382
usa,short_term_reversal,monthly,vw,6,1982-11-30,-0.0192827006791444
usa,short_term_reversal,monthly,vw,6,1982-12-31,0.0191292727472502
usa,short_term_reversal,monthly,vw,6,1983-01-31,0.0110769423971124
usa,short_term_reversal,monthly,vw,6,1983-02-28,0.00136232687293553
usa,short_term_reversal,monthly,vw,6,1983-03-31,-0.00125865666799648
usa,short_term_reversal,monthly,vw,6,1983-04-30,-0.00406534572719916
usa,short_term_reversal,monthly,vw,6,1983-05-31,0.00154484864875016
usa,short_term_reversal,monthly,vw,6,1983-06-30,-0.00459421997184714
usa,short_term_reversal,monthly,vw,6,1983-07-31,0.0132810535861576
usa,short_term_reversal,monthly,vw,6,1983-08-31,-0.00111251443749064
usa,short_term_reversal,monthly,vw,6,1983-09-30,0.0222389710457888
usa,short_term_reversal,monthly,vw,6,1983-10-31,-0.00544646914152419
usa,short_term_reversal,monthly,vw,6,1983-11-30,0.021730361124233
usa,short_term_reversal,monthly,vw,6,1983-12-31,0.0120327533109519
usa,short_term_reversal,monthly,vw,6,1984-01-31,-0.00505408669495933
usa,short_term_reversal,monthly,vw,6,1984-02-29,-0.0111014753538013
usa,short_term_reversal,monthly,vw,6,1984-03-31,0.0108131591402038
usa,short_term_reversal,monthly,vw,6,1984-04-30,0.00927103442780541
usa,short_term_reversal,monthly,vw,6,1984-05-31,0.000190849131419463
usa,short_term_reversal,monthly,vw,6,1984-06-30,0.00357113468003439
usa,short_term_reversal,monthly,vw,6,1984-07-31,-0.00915330337794385
usa,short_term_reversal,monthly,vw,6,1984-08-31,0.0178978631751337
usa,short_term_reversal,monthly,vw,6,1984-09-30,0.0156058573656897
usa,short_term_reversal,monthly,vw,6,1984-10-31,0.00101230783712651
usa,short_term_reversal,monthly,vw,6,1984-11-30,0.0000347552901408286
usa,short_term_reversal,monthly,vw,6,1984-12-31,0.00621565941418669
usa,short_term_reversal,monthly,vw,6,1985-01-31,0.005210155819764
usa,short_term_reversal,monthly,vw,6,1985-02-28,0.00608372892760327
usa,short_term_reversal,monthly,vw,6,1985-03-31,-0.00987662277104971
usa,short_term_reversal,monthly,vw,6,1985-04-30,-0.00919675438059983
usa,short_term_reversal,monthly,vw,6,1985-05-31,-0.000360810853804046
usa,short_term_reversal,monthly,vw,6,1985-06-30,-0.00576608239835362
usa,short_term_reversal,monthly,vw,6,1985-07-31,0.0140878196067177
usa,short_term_reversal,monthly,vw,6,1985-08-31,0.00176292884995026
usa,short_term_reversal,monthly,vw,6,1985-09-30,-0.0030662574853068
usa,short_term_reversal,monthly,vw,6,1985-10-31,0.00113121719751916
usa,short_term_reversal,monthly,vw,6,1985-11-30,0.00912139945260609
usa,short_term_reversal,monthly,vw,6,1985-12-31,-0.00686639139964051
usa,short_term_reversal,monthly,vw,6,1986-01-31,-0.0121003560913674
usa,short_term_reversal,monthly,vw,6,1986-02-28,-0.0075631542846801
usa,short_term_reversal,monthly,vw,6,1986-03-31,-0.00811011957502246
usa,short_term_reversal,monthly,vw,6,1986-04-30,0.00628103885718675
usa,short_term_reversal,monthly,vw,6,1986-05-31,-0.00629924472261241
usa,short_term_reversal,monthly,vw,6,1986-06-30,-0.0137177587576888
usa,short_term_reversal,monthly,vw,6,1986-07-31,-0.00596713405080068
usa,short_term_reversal,monthly,vw,6,1986-08-31,-0.00462092263501628
usa,short_term_reversal,monthly,vw,6,1986-09-30,-0.00804690555415218
usa,short_term_reversal,monthly,vw,6,1986-10-31,0.0188504972893722
usa,short_term_reversal,monthly,vw,6,1986-11-30,0.00633402138808596
usa,short_term_reversal,monthly,vw,6,1986-12-31,-0.00029542254786339
usa,short_term_reversal,monthly,vw,6,1987-01-31,-0.00154303628267797
usa,short_term_reversal,monthly,vw,6,1987-02-28,-0.00863163876815638
usa,short_term_reversal,monthly,vw,6,1987-03-31,0.00482437301864437
usa,short_term_reversal,monthly,vw,6,1987-04-30,-0.0110690537968791
usa,short_term_reversal,monthly,vw,6,1987-05-31,-0.00482644813171822
usa,short_term_reversal,monthly,vw,6,1987-06-30,-0.00306109824984222
usa,short_term_reversal,monthly,vw,6,1987-07-31,-0.00527273917790324
usa,short_term_reversal,monthly,vw,6,1987-08-31,0.0168425709723376
usa,short_term_reversal,monthly,vw,6,1987-09-30,-0.0114066634058701
usa,short_term_reversal,monthly,vw,6,1987-10-31,0.00691277577053217
usa,short_term_reversal,monthly,vw,6,1987-11-30,0.0184379769255834
usa,short_term_reversal,monthly,vw,6,1987-12-31,0.00190096559212774
usa,short_term_reversal,monthly,vw,6,1988-01-31,0.0126476293172679
usa,short_term_reversal,monthly,vw,6,1988-02-29,0.0126517816779281
usa,short_term_reversal,monthly,vw,6,1988-03-31,-0.026734443088809
usa,short_term_reversal,monthly,vw,6,1988-04-30,-0.000776582890852562
usa,short_term_reversal,monthly,vw,6,1988-05-31,0.0141094505000757
usa,short_term_reversal,monthly,vw,6,1988-06-30,0.00858169930201663
usa,short_term_reversal,monthly,vw,6,1988-07-31,0.0158715572079686
usa,short_term_reversal,monthly,vw,6,1988-08-31,-0.00145121970884971
usa,short_term_reversal,monthly,vw,6,1988-09-30,-0.00113949077900263
usa,short_term_reversal,monthly,vw,6,1988-10-31,-0.00370630812798178
usa,short_term_reversal,monthly,vw,6,1988-11-30,-0.00255431860191677
usa,short_term_reversal,monthly,vw,6,1988-12-31,0.0037691620230691
usa,short_term_reversal,monthly,vw,6,1989-01-31,0.00395439806572629
usa,short_term_reversal,monthly,vw,6,1989-02-28,-0.00230895638312426
usa,short_term_reversal,monthly,vw,6,1989-03-31,0.00653948629957004
usa,short_term_reversal,monthly,vw,6,1989-04-30,-0.00813496088728107
usa,short_term_reversal,monthly,vw,6,1989-05-31,-0.011916825829889
usa,short_term_reversal,monthly,vw,6,1989-06-30,0.00805848385035953
usa,short_term_reversal,monthly,vw,6,1989-07-31,-0.00600929736247218
usa,short_term_reversal,monthly,vw,6,1989-08-31,0.00482485360110152
usa,short_term_reversal,monthly,vw,6,1989-09-30,0.0178568040338908
usa,short_term_reversal,monthly,vw,6,1989-10-31,-0.0222272940918443
usa,short_term_reversal,monthly,vw,6,1989-11-30,-0.00924742320026238
usa,short_term_reversal,monthly,vw,6,1989-12-31,-0.00501225002751826
usa,short_term_reversal,monthly,vw,6,1990-01-31,0.00499604911818864
usa,short_term_reversal,monthly,vw,6,1990-02-28,-0.000161220565826224
usa,short_term_reversal,monthly,vw,6,1990-03-31,0.00582726630384303
usa,short_term_reversal,monthly,vw,6,1990-04-30,-0.000369517527649374
usa,short_term_reversal,monthly,vw,6,1990-05-31,-0.00552168416922488
usa,short_term_reversal,monthly,vw,6,1990-06-30,0.00362302868529528
usa,short_term_reversal,monthly,vw,6,1990-07-31,0.000290999607119332
usa,short_term_reversal,monthly,vw,6,1990-08-31,-0.0260961517720771
usa,short_term_reversal,monthly,vw,6,1990-09-30,-0.0122978443536513
usa,short_term_reversal,monthly,vw,6,1990-10-31,-0.00783335375988585
usa,short_term_reversal,monthly,vw,6,1990-11-30,-0.00419539160228968
usa,short_term_reversal,monthly,vw,6,1990-12-31,-0.00723851510225804
usa,short_term_reversal,monthly,vw,6,1991-01-31,-0.00943227311978771
usa,short_term_reversal,monthly,vw,6,1991-02-28,-0.00292076716090041
usa,short_term_reversal,monthly,vw,6,1991-03-31,-0.0121459849238336
usa,short_term_reversal,monthly,vw,6,1991-04-30,0.00242410435057657
usa,short_term_reversal,monthly,vw,6,1991-05-31,-0.00845493070983229
usa,short_term_reversal,monthly,vw,6,1991-06-30,0.00533766657111454
usa,short_term_reversal,monthly,vw,6,1991-07-31,0.000762361357340002
usa,short_term_reversal,monthly,vw,6,1991-08-31,-0.00777497554378704
usa,short_term_reversal,monthly,vw,6,1991-09-30,0.00785452705280272
usa,short_term_reversal,monthly,vw,6,1991-10-31,-0.0145848262773532
usa,short_term_reversal,monthly,vw,6,1991-11-30,0.0035815067567951
usa,short_term_reversal,monthly,vw,6,1991-12-31,0.00589170049375811
usa,short_term_reversal,monthly,vw,6,1992-01-31,0.00213449187809314
usa,short_term_reversal,monthly,vw,6,1992-02-29,-0.0203059299882658
usa,short_term_reversal,monthly,vw,6,1992-03-31,9.65512060595597e-6
usa,short_term_reversal,monthly,vw,6,1992-04-30,-0.00739762948575751
usa,short_term_reversal,monthly,vw,6,1992-05-31,-0.00128619273089092
usa,short_term_reversal,monthly,vw,6,1992-06-30,0.00191949914240363
usa,short_term_reversal,monthly,vw,6,1992-07-31,0.00471590642443655
usa,short_term_reversal,monthly,vw,6,1992-08-31,-0.0124111483736857
usa,short_term_reversal,monthly,vw,6,1992-09-30,0.00498434139790354
usa,short_term_reversal,monthly,vw,6,1992-10-31,-0.0122611388223625
usa,short_term_reversal,monthly,vw,6,1992-11-30,-0.0154099962500779
usa,short_term_reversal,monthly,vw,6,1992-12-31,-0.00686972354398933
usa,short_term_reversal,monthly,vw,6,1993-01-31,-0.0209638005057964
usa,short_term_reversal,monthly,vw,6,1993-02-28,-0.00421021608860956
usa,short_term_reversal,monthly,vw,6,1993-03-31,-0.00171397262227334
usa,short_term_reversal,monthly,vw,6,1993-04-30,0.000280700735172387
usa,short_term_reversal,monthly,vw,6,1993-05-31,-0.00088804491583575
usa,short_term_reversal,monthly,vw,6,1993-06-30,-0.00367504593218884
usa,short_term_reversal,monthly,vw,6,1993-07-31,-0.0107091992768022
usa,short_term_reversal,monthly,vw,6,1993-08-31,0.000423873148369434
usa,short_term_reversal,monthly,vw,6,1993-09-30,0.00584326896528183
usa,short_term_reversal,monthly,vw,6,1993-10-31,0.0176275304280417
usa,short_term_reversal,monthly,vw,6,1993-11-30,-0.0145339632389733
usa,short_term_reversal,monthly,vw,6,1993-12-31,0.001661138078154
usa,short_term_reversal,monthly,vw,6,1994-01-31,0.00463135110748033
usa,short_term_reversal,monthly,vw,6,1994-02-28,0.00592371595285922
usa,short_term_reversal,monthly,vw,6,1994-03-31,0.00249510723643519
usa,short_term_reversal,monthly,vw,6,1994-04-30,0.00864124956052875
usa,short_term_reversal,monthly,vw,6,1994-05-31,-0.00360049824988548
usa,short_term_reversal,monthly,vw,6,1994-06-30,-0.0000739066245930957
usa,short_term_reversal,monthly,vw,6,1994-07-31,0.000492769999265578
usa,short_term_reversal,monthly,vw,6,1994-08-31,0.00267092959327036
usa,short_term_reversal,monthly,vw,6,1994-09-30,-0.0194740045583585
usa,short_term_reversal,monthly,vw,6,1994-10-31,0.00774764455797266
usa,short_term_reversal,monthly,vw,6,1994-11-30,-0.00658554459783815
usa,short_term_reversal,monthly,vw,6,1994-12-31,0.00357747411992424
usa,short_term_reversal,monthly,vw,6,1995-01-31,0.00925374070420161
usa,short_term_reversal,monthly,vw,6,1995-02-28,0.00624972796032597
usa,short_term_reversal,monthly,vw,6,1995-03-31,-0.00595705813284718
usa,short_term_reversal,monthly,vw,6,1995-04-30,-0.00589019082621827
usa,short_term_reversal,monthly,vw,6,1995-05-31,0.00324278264054008
usa,short_term_reversal,monthly,vw,6,1995-06-30,0.00805361930769631
usa,short_term_reversal,monthly,vw,6,1995-07-31,-0.0199285833786576
usa,short_term_reversal,monthly,vw,6,1995-08-31,-0.00812627075114045
usa,short_term_reversal,monthly,vw,6,1995-09-30,0.00180544357722383
usa,short_term_reversal,monthly,vw,6,1995-10-31,-0.0168114759033943
usa,short_term_reversal,monthly,vw,6,1995-11-30,0.00389705600183969
usa,short_term_reversal,monthly,vw,6,1995-12-31,-0.00286174541059793
usa,short_term_reversal,monthly,vw,6,1996-01-31,0.0133402186053296
usa,short_term_reversal,monthly,vw,6,1996-02-29,0.00715263150194845
usa,short_term_reversal,monthly,vw,6,1996-03-31,-0.00673357842060549
usa,short_term_reversal,monthly,vw,6,1996-04-30,0.00391148591056912
usa,short_term_reversal,monthly,vw,6,1996-05-31,-0.00527617578192377
usa,short_term_reversal,monthly,vw,6,1996-06-30,0.00377266158547871
usa,short_term_reversal,monthly,vw,6,1996-07-31,0.00228511591874431
usa,short_term_reversal,monthly,vw,6,1996-08-31,0.00166150886573566
usa,short_term_reversal,monthly,vw,6,1996-09-30,-0.0029658380442397
usa,short_term_reversal,monthly,vw,6,1996-10-31,0.00483425460714179
usa,short_term_reversal,monthly,vw,6,1996-11-30,-0.00639156496353233
usa,short_term_reversal,monthly,vw,6,1996-12-31,0.00441213585552847
usa,short_term_reversal,monthly,vw,6,1997-01-31,-0.00347243589439929
usa,short_term_reversal,monthly,vw,6,1997-02-28,-0.00141890045078975
usa,short_term_reversal,monthly,vw,6,1997-03-31,0.0154843491840502
usa,short_term_reversal,monthly,vw,6,1997-04-30,-0.00213960049381898
usa,short_term_reversal,monthly,vw,6,1997-05-31,0.0167544808238872
usa,short_term_reversal,monthly,vw,6,1997-06-30,0.00311926206735496
usa,short_term_reversal,monthly,vw,6,1997-07-31,0.0231475208644102
usa,short_term_reversal,monthly,vw,6,1997-08-31,0.00119310112796478
usa,short_term_reversal,monthly,vw,6,1997-09-30,0.00109528278095346
usa,short_term_reversal,monthly,vw,6,1997-10-31,-0.00420668928353669
usa,short_term_reversal,monthly,vw,6,1997-11-30,-0.0113343475623291
usa,short_term_reversal,monthly,vw,6,1997-12-31,-0.00809459752714746
usa,short_term_reversal,monthly,vw,6,1998-01-31,0.0195662774664397
usa,short_term_reversal,monthly,vw,6,1998-02-28,0.000928618611639574
usa,short_term_reversal,monthly,vw,6,1998-03-31,0.0184923408306252
usa,short_term_reversal,monthly,vw,6,1998-04-30,0.0130254152462438
usa,short_term_reversal,monthly,vw,6,1998-05-31,0.00353499204150275
usa,short_term_reversal,monthly,vw,6,1998-06-30,-0.0096023835242234
usa,short_term_reversal,monthly,vw,6,1998-07-31,-0.0026616847827174
usa,short_term_reversal,monthly,vw,6,1998-08-31,-0.00379374066422589
usa,short_term_reversal,monthly,vw,6,1998-09-30,-0.00780999443487872
usa,short_term_reversal,monthly,vw,6,1998-10-31,0.0265597081043884
usa,short_term_reversal,monthly,vw,6,1998-11-30,-0.00356926449872128
usa,short_term_reversal,monthly,vw,6,1998-12-31,0.00226861927058237
usa,short_term_reversal,monthly,vw,6,1999-01-31,-0.0435124196388502
usa,short_term_reversal,monthly,vw,6,1999-02-28,0.0109843516755076
usa,short_term_reversal,monthly,vw,6,1999-03-31,-0.0135843868120039
usa,short_term_reversal,monthly,vw,6,1999-04-30,-0.00829216674566131
usa,short_term_reversal,monthly,vw,6,1999-05-31,-0.00232933718850242
usa,short_term_reversal,monthly,vw,6,1999-06-30,0.00593829242578742
usa,short_term_reversal,monthly,vw,6,1999-07-31,-0.00877552348500151
usa,short_term_reversal,monthly,vw,6,1999-08-31,-0.0159565392266419
usa,short_term_reversal,monthly,vw,6,1999-09-30,-0.0126143550017297
usa,short_term_reversal,monthly,vw,6,1999-10-31,-0.0193202308443123
usa,short_term_reversal,monthly,vw,6,1999-11-30,0.0265706269872702
usa,short_term_reversal,monthly,vw,6,1999-12-31,-0.0591763005464505
usa,short_term_reversal,monthly,vw,6,2000-01-31,0.027433254974497
usa,short_term_reversal,monthly,vw,6,2000-02-29,-0.0211386213253999
usa,short_term_reversal,monthly,vw,6,2000-03-31,0.0661671141016949
usa,short_term_reversal,monthly,vw,6,2000-04-30,-0.0554458465928881
usa,short_term_reversal,monthly,vw,6,2000-05-31,0.00180260933140757
usa,short_term_reversal,monthly,vw,6,2000-06-30,0.00832248112684311
usa,short_term_reversal,monthly,vw,6,2000-07-31,0.031766434125393
usa,short_term_reversal,monthly,vw,6,2000-08-31,-0.00334905889955607
usa,short_term_reversal,monthly,vw,6,2000-09-30,-0.00991439644768677
usa,short_term_reversal,monthly,vw,6,2000-10-31,-0.010839055911873
usa,short_term_reversal,monthly,vw,6,2000-11-30,-0.0164221865926617
usa,short_term_reversal,monthly,vw,6,2000-12-31,-0.0136351256989856
usa,short_term_reversal,monthly,vw,6,2001-01-31,-0.0147490192548313
usa,short_term_reversal,monthly,vw,6,2001-02-28,0.0737337246249176
usa,short_term_reversal,monthly,vw,6,2001-03-31,-0.0197689124254651
usa,short_term_reversal,monthly,vw,6,2001-04-30,0.00139031869686702
usa,short_term_reversal,monthly,vw,6,2001-05-31,0.0237103690848422
usa,short_term_reversal,monthly,vw,6,2001-06-30,-0.00430659740553871
usa,short_term_reversal,monthly,vw,6,2001-07-31,0.029491207083579
usa,short_term_reversal,monthly,vw,6,2001-08-31,-0.0144896436185729
usa,short_term_reversal,monthly,vw,6,2001-09-30,0.00543271040039399
usa,short_term_reversal,monthly,vw,6,2001-10-31,0.0371278318151577
usa,short_term_reversal,monthly,vw,6,2001-11-30,-0.0332363882649851
usa,short_term_reversal,monthly,vw,6,2001-12-31,0.00563875639133502
usa,short_term_reversal,monthly,vw,6,2002-01-31,0.00151381980709222
usa,short_term_reversal,monthly,vw,6,2002-02-28,0.00575311770848753
usa,short_term_reversal,monthly,vw,6,2002-03-31,0.015390702024151
usa,short_term_reversal,monthly,vw,6,2002-04-30,-0.00286166893943436
usa,short_term_reversal,monthly,vw,6,2002-05-31,-0.00512239297622677
usa,short_term_reversal,monthly,vw,6,2002-06-30,-0.00786232807441156
usa,short_term_reversal,monthly,vw,6,2002-07-31,0.00023273942524746
usa,short_term_reversal,monthly,vw,6,2002-08-31,0.00871712197540395
usa,short_term_reversal,monthly,vw,6,2002-09-30,-0.0012342186715487
usa,short_term_reversal,monthly,vw,6,2002-10-31,0.0232246762150222
usa,short_term_reversal,monthly,vw,6,2002-11-30,-0.0124028725138807
usa,short_term_reversal,monthly,vw,6,2002-12-31,0.0460190796555216
usa,short_term_reversal,monthly,vw,6,2003-01-31,0.00567712667261156
usa,short_term_reversal,monthly,vw,6,2003-02-28,-0.00209555962071687
usa,short_term_reversal,monthly,vw,6,2003-03-31,-0.0156614958211147
usa,short_term_reversal,monthly,vw,6,2003-04-30,0.00505745703130628
usa,short_term_reversal,monthly,vw,6,2003-05-31,-0.00165128203693763
usa,short_term_reversal,monthly,vw,6,2003-06-30,0.00461844745631519
usa,short_term_reversal,monthly,vw,6,2003-07-31,0.0080931543077301
usa,short_term_reversal,monthly,vw,6,2003-08-31,-0.00910431664930801
usa,short_term_reversal,monthly,vw,6,2003-09-30,0.00603607928904785
usa,short_term_reversal,monthly,vw,6,2003-10-31,0.0191664174898235
usa,short_term_reversal,monthly,vw,6,2003-11-30,-0.0137657312922681
usa,short_term_reversal,monthly,vw,6,2003-12-31,-0.00807716148690224
usa,short_term_reversal,monthly,vw,6,2004-01-31,0.00446542457354459
usa,short_term_reversal,monthly,vw,6,2004-02-29,0.00651563434680879
usa,short_term_reversal,monthly,vw,6,2004-03-31,-0.00678651172494939
usa,short_term_reversal,monthly,vw,6,2004-04-30,-0.00778213008162272
usa,short_term_reversal,monthly,vw,6,2004-05-31,0.00260820924332862
usa,short_term_reversal,monthly,vw,6,2004-06-30,0.0042810641134208
usa,short_term_reversal,monthly,vw,6,2004-07-31,0.00844557387140136
usa,short_term_reversal,monthly,vw,6,2004-08-31,-0.011648737947398
usa,short_term_reversal,monthly,vw,6,2004-09-30,0.00789648052457316
usa,short_term_reversal,monthly,vw,6,2004-10-31,-0.00811946518380132
usa,short_term_reversal,monthly,vw,6,2004-11-30,0.00212892390517437
usa,short_term_reversal,monthly,vw,6,2004-12-31,0.000250889143013337
usa,short_term_reversal,monthly,vw,6,2005-01-31,0.0051995757228486
usa,short_term_reversal,monthly,vw,6,2005-02-28,-0.0066093082337652
usa,short_term_reversal,monthly,vw,6,2005-03-31,0.00171299584937486
usa,short_term_reversal,monthly,vw,6,2005-04-30,0.000982816660087568
usa,short_term_reversal,monthly,vw,6,2005-05-31,0.0112839848389152
usa,short_term_reversal,monthly,vw,6,2005-06-30,-0.000317893502284484
usa,short_term_reversal,monthly,vw,6,2005-07-31,-0.000663155296218269
usa,short_term_reversal,monthly,vw,6,2005-08-31,-0.00181290579318223
usa,short_term_reversal,monthly,vw,6,2005-09-30,-0.0123374944178225
usa,short_term_reversal,monthly,vw,6,2005-10-31,-0.00216039858178209
usa,short_term_reversal,monthly,vw,6,2005-11-30,0.00390610950423043
usa,short_term_reversal,monthly,vw,6,2005-12-31,0.00928305838714619
usa,short_term_reversal,monthly,vw,6,2006-01-31,0.00823152526662137
usa,short_term_reversal,monthly,vw,6,2006-02-28,0.0119374204959565
usa,short_term_reversal,monthly,vw,6,2006-03-31,-0.00163080150395188
usa,short_term_reversal,monthly,vw,6,2006-04-30,-0.000354370526626627
usa,short_term_reversal,monthly,vw,6,2006-05-31,-0.00071257728459733
usa,short_term_reversal,monthly,vw,6,2006-06-30,0.000475054057295567
usa,short_term_reversal,monthly,vw,6,2006-07-31,0.0094489350698913
usa,short_term_reversal,monthly,vw,6,2006-08-31,0.00673552414276788
usa,short_term_reversal,monthly,vw,6,2006-09-30,-0.00340516908130687
usa,short_term_reversal,monthly,vw,6,2006-10-31,-0.00105232599471236
usa,short_term_reversal,monthly,vw,6,2006-11-30,-0.0023039655093801
usa,short_term_reversal,monthly,vw,6,2006-12-31,0.00918638728888762
usa,short_term_reversal,monthly,vw,6,2007-01-31,0.00191498082590551
usa,short_term_reversal,monthly,vw,6,2007-02-28,0.00591679925685576
usa,short_term_reversal,monthly,vw,6,2007-03-31,-0.00629578270338216
usa,short_term_reversal,monthly,vw,6,2007-04-30,-0.00248513033187186
usa,short_term_reversal,monthly,vw,6,2007-05-31,0.00257756521308023
usa,short_term_reversal,monthly,vw,6,2007-06-30,-0.000904279123922983
usa,short_term_reversal,monthly,vw,6,2007-07-31,-0.00342941338291421
usa,short_term_reversal,monthly,vw,6,2007-08-31,-0.0082053015458396
usa,short_term_reversal,monthly,vw,6,2007-09-30,0.00521759435411213
usa,short_term_reversal,monthly,vw,6,2007-10-31,-0.00766843208946302
usa,short_term_reversal,monthly,vw,6,2007-11-30,0.00516726459757401
usa,short_term_reversal,monthly,vw,6,2007-12-31,0.0088695331959631
usa,short_term_reversal,monthly,vw,6,2008-01-31,0.0169286094925775
usa,short_term_reversal,monthly,vw,6,2008-02-29,0.0179155189702045
usa,short_term_reversal,monthly,vw,6,2008-03-31,0.0000126773938526799
usa,short_term_reversal,monthly,vw,6,2008-04-30,0.0116328763464586
usa,short_term_reversal,monthly,vw,6,2008-05-31,0.00438253037606066
usa,short_term_reversal,monthly,vw,6,2008-06-30,-0.0226256565867278
usa,short_term_reversal,monthly,vw,6,2008-07-31,0.0378774856527019
usa,short_term_reversal,monthly,vw,6,2008-08-31,0.00353312691342492
usa,short_term_reversal,monthly,vw,6,2008-09-30,-0.0268319917231499
usa,short_term_reversal,monthly,vw,6,2008-10-31,0.000641817629808537
usa,short_term_reversal,monthly,vw,6,2008-11-30,-0.0360593293374459
usa,short_term_reversal,monthly,vw,6,2008-12-31,0.00982785928736664
usa,short_term_reversal,monthly,vw,6,2009-01-31,0.00332408959939889
usa,short_term_reversal,monthly,vw,6,2009-02-28,0.000906732854567808
usa,short_term_reversal,monthly,vw,6,2009-03-31,-0.0282887825360909
usa,short_term_reversal,monthly,vw,6,2009-04-30,-0.0333313531843429
usa,short_term_reversal,monthly,vw,6,2009-05-31,-0.00317802171853605
usa,short_term_reversal,monthly,vw,6,2009-06-30,0.0227656264488208
usa,short_term_reversal,monthly,vw,6,2009-07-31,0.00852909517558539
usa,short_term_reversal,monthly,vw,6,2009-08-31,-0.00814221751449656
usa,short_term_reversal,monthly,vw,6,2009-09-30,0.01057487511614
usa,short_term_reversal,monthly,vw,6,2009-10-31,0.00560168942096042
usa,short_term_reversal,monthly,vw,6,2009-11-30,-0.00358086409074144
usa,short_term_reversal,monthly,vw,6,2009-12-31,0.00421550691530376
usa,short_term_reversal,monthly,vw,6,2010-01-31,0.0233983717773803
usa,short_term_reversal,monthly,vw,6,2010-02-28,0.00348942757994318
usa,short_term_reversal,monthly,vw,6,2010-03-31,0.00586847137859705
usa,short_term_reversal,monthly,vw,6,2010-04-30,0.00874676773954307
usa,short_term_reversal,monthly,vw,6,2010-05-31,-0.00872108213433633
usa,short_term_reversal,monthly,vw,6,2010-06-30,-0.0090041673869108
usa,short_term_reversal,monthly,vw,6,2010-07-31,0.00961664036921858
usa,short_term_reversal,monthly,vw,6,2010-08-31,0.00896205453881067
usa,short_term_reversal,monthly,vw,6,2010-09-30,0.00775363060134502
usa,short_term_reversal,monthly,vw,6,2010-10-31,-0.00886015894816739
usa,short_term_reversal,monthly,vw,6,2010-11-30,-0.00598377319956264
usa,short_term_reversal,monthly,vw,6,2010-12-31,-0.00649816317221331
usa,short_term_reversal,monthly,vw,6,2011-01-31,-0.00220532395279257
usa,short_term_reversal,monthly,vw,6,2011-02-28,-0.00695371285649876
usa,short_term_reversal,monthly,vw,6,2011-03-31,-0.00674288476199663
usa,short_term_reversal,monthly,vw,6,2011-04-30,0.00138403788964725
usa,short_term_reversal,monthly,vw,6,2011-05-31,-0.00904624233844107
usa,short_term_reversal,monthly,vw,6,2011-06-30,-0.00325971298331949
usa,short_term_reversal,monthly,vw,6,2011-07-31,-0.00774499163077088
usa,short_term_reversal,monthly,vw,6,2011-08-31,0.00327676892365394
usa,short_term_reversal,monthly,vw,6,2011-09-30,-0.024605588886585
usa,short_term_reversal,monthly,vw,6,2011-10-31,0.0250951293117564
usa,short_term_reversal,monthly,vw,6,2011-11-30,0.0075148575199687
usa,short_term_reversal,monthly,vw,6,2011-12-31,0.00124882055159086
usa,short_term_reversal,monthly,vw,6,2012-01-31,0.0259563723191774
usa,short_term_reversal,monthly,vw,6,2012-02-29,-0.0169389563692911
usa,short_term_reversal,monthly,vw,6,2012-03-31,-0.00239218735339169
usa,short_term_reversal,monthly,vw,6,2012-04-30,0.00287889466304361
usa,short_term_reversal,monthly,vw,6,2012-05-31,-0.00394890851080379
usa,short_term_reversal,monthly,vw,6,2012-06-30,0.00543514089758566
usa,short_term_reversal,monthly,vw,6,2012-07-31,0.00249239862264758
usa,short_term_reversal,monthly,vw,6,2012-08-31,0.0116364231461714
usa,short_term_reversal,monthly,vw,6,2012-09-30,-0.00569032406909726
usa,short_term_reversal,monthly,vw,6,2012-10-31,-0.00146155269637499
usa,short_term_reversal,monthly,vw,6,2012-11-30,-0.0000865378366616341
usa,short_term_reversal,monthly,vw,6,2012-12-31,0.0131285402515016
usa,short_term_reversal,monthly,vw,6,2013-01-31,-0.0118404462517254
usa,short_term_reversal,monthly,vw,6,2013-02-28,-0.00752623251672428
usa,short_term_reversal,monthly,vw,6,2013-03-31,-0.00810349996132302
usa,short_term_reversal,monthly,vw,6,2013-04-30,-0.00386290483312919
usa,short_term_reversal,monthly,vw,6,2013-05-31,0.0101934728056933
usa,short_term_reversal,monthly,vw,6,2013-06-30,-0.00589500440722069
usa,short_term_reversal,monthly,vw,6,2013-07-31,0.0109683706741634
usa,short_term_reversal,monthly,vw,6,2013-08-31,-0.00484529464489524
usa,short_term_reversal,monthly,vw,6,2013-09-30,-0.00316785193274196
usa,short_term_reversal,monthly,vw,6,2013-10-31,-0.00177012564542442
usa,short_term_reversal,monthly,vw,6,2013-11-30,-0.00432293770327192
usa,short_term_reversal,monthly,vw,6,2013-12-31,0.00274805114640328
usa,short_term_reversal,monthly,vw,6,2014-01-31,0.00510877081895588
usa,short_term_reversal,monthly,vw,6,2014-02-28,-0.00668961129763896
usa,short_term_reversal,monthly,vw,6,2014-03-31,0.0199396709066439
usa,short_term_reversal,monthly,vw,6,2014-04-30,0.00446890197954721
usa,short_term_reversal,monthly,vw,6,2014-05-31,0.00257972445124261
usa,short_term_reversal,monthly,vw,6,2014-06-30,0.000854625839150841
usa,short_term_reversal,monthly,vw,6,2014-07-31,0.0121525514132623
usa,short_term_reversal,monthly,vw,6,2014-08-31,0.0062521732859596
usa,short_term_reversal,monthly,vw,6,2014-09-30,-0.00893405929344826
usa,short_term_reversal,monthly,vw,6,2014-10-31,-0.0079163489028737
usa,short_term_reversal,monthly,vw,6,2014-11-30,-0.00230483795491899
usa,short_term_reversal,monthly,vw,6,2014-12-31,-0.0010474382818549
usa,short_term_reversal,monthly,vw,6,2015-01-31,0.0195333641993796
usa,short_term_reversal,monthly,vw,6,2015-02-28,0.00224632575208658
usa,short_term_reversal,monthly,vw,6,2015-03-31,-0.00458137807521044
usa,short_term_reversal,monthly,vw,6,2015-04-30,0.0196360671561107
usa,short_term_reversal,monthly,vw,6,2015-05-31,0.00946856580723666
usa,short_term_reversal,monthly,vw,6,2015-06-30,-0.0128388421673419
usa,short_term_reversal,monthly,vw,6,2015-07-31,-0.01177016922765
usa,short_term_reversal,monthly,vw,6,2015-08-31,-0.000300337242287445
usa,short_term_reversal,monthly,vw,6,2015-09-30,-0.00819065854690632
usa,short_term_reversal,monthly,vw,6,2015-10-31,-0.00568745943509904
usa,short_term_reversal,monthly,vw,6,2015-11-30,-0.00464958011914859
usa,short_term_reversal,monthly,vw,6,2015-12-31,0.00657233464145596
usa,short_term_reversal,monthly,vw,6,2016-01-31,-0.0100111309563477
usa,short_term_reversal,monthly,vw,6,2016-02-29,0.0130317282586016
usa,short_term_reversal,monthly,vw,6,2016-03-31,-0.00776294721565477
usa,short_term_reversal,monthly,vw,6,2016-04-30,-0.00484001005416565
usa,short_term_reversal,monthly,vw,6,2016-05-31,0.00806364989252201
usa,short_term_reversal,monthly,vw,6,2016-06-30,0.0397700204018169
usa,short_term_reversal,monthly,vw,6,2016-07-31,0.032203941807259
usa,short_term_reversal,monthly,vw,6,2016-08-31,-0.00696851143684236
usa,short_term_reversal,monthly,vw,6,2016-09-30,0.00352621001865876
usa,short_term_reversal,monthly,vw,6,2016-10-31,0.00446126602163877
usa,short_term_reversal,monthly,vw,6,2016-11-30,-0.013840927341732
usa,short_term_reversal,monthly,vw,6,2016-12-31,0.00268603796651225
usa,short_term_reversal,monthly,vw,6,2017-01-31,0.0144804161860237
usa,short_term_reversal,monthly,vw,6,2017-02-28,-0.00326107641404534
usa,short_term_reversal,monthly,vw,6,2017-03-31,-0.00159010035093108
usa,short_term_reversal,monthly,vw,6,2017-04-30,-0.00288971406840025
usa,short_term_reversal,monthly,vw,6,2017-05-31,-0.0129812729359144
usa,short_term_reversal,monthly,vw,6,2017-06-30,0.0215742928952798
usa,short_term_reversal,monthly,vw,6,2017-07-31,0.0112596803455071
usa,short_term_reversal,monthly,vw,6,2017-08-31,0.000885999432901423
usa,short_term_reversal,monthly,vw,6,2017-09-30,0.0138837375521358
usa,short_term_reversal,monthly,vw,6,2017-10-31,-0.0087022685142824
usa,short_term_reversal,monthly,vw,6,2017-11-30,-0.00338974964357577
usa,short_term_reversal,monthly,vw,6,2017-12-31,-0.00460359886044941
usa,short_term_reversal,monthly,vw,6,2018-01-31,0.000906324091476517
usa,short_term_reversal,monthly,vw,6,2018-02-28,0.00456900261829527
usa,short_term_reversal,monthly,vw,6,2018-03-31,-0.00534676950729929
usa,short_term_reversal,monthly,vw,6,2018-04-30,0.00440507979399979
usa,short_term_reversal,monthly,vw,6,2018-05-31,-0.0043731392207098
usa,short_term_reversal,monthly,vw,6,2018-06-30,0.00217817013303843
usa,short_term_reversal,monthly,vw,6,2018-07-31,0.0136397494331129
usa,short_term_reversal,monthly,vw,6,2018-08-31,0.0144561603986224
usa,short_term_reversal,monthly,vw,6,2018-09-30,-0.00208014250608241
usa,short_term_reversal,monthly,vw,6,2018-10-31,0.00683294990643671
usa,short_term_reversal,monthly,vw,6,2018-11-30,0.00649384523199314
usa,short_term_reversal,monthly,vw,6,2018-12-31,-0.00633533742890845
usa,short_term_reversal,monthly,vw,6,2019-01-31,0.0063003166069191
usa,short_term_reversal,monthly,vw,6,2019-02-28,0.00426049961559175
usa,short_term_reversal,monthly,vw,6,2019-03-31,0.00172651684792739
usa,short_term_reversal,monthly,vw,6,2019-04-30,-0.0030964723832311
usa,short_term_reversal,monthly,vw,6,2019-05-31,0.00531412970771254
usa,short_term_reversal,monthly,vw,6,2019-06-30,0.0125560200486584
usa,short_term_reversal,monthly,vw,6,2019-07-31,0.0037348592703038
usa,short_term_reversal,monthly,vw,6,2019-08-31,-0.000387593661052871
usa,short_term_reversal,monthly,vw,6,2019-09-30,0.0178197076961096
usa,short_term_reversal,monthly,vw,6,2019-10-31,-0.007668717027126
usa,short_term_reversal,monthly,vw,6,2019-11-30,-0.00427164975693745
usa,short_term_reversal,monthly,vw,6,2019-12-31,-0.00169672060892708
usa,short_term_reversal,monthly,vw,6,2020-01-31,0.00702373775966173
usa,short_term_reversal,monthly,vw,6,2020-02-29,-0.00678249462124121
usa,short_term_reversal,monthly,vw,6,2020-03-31,-0.0151189972380501
usa,short_term_reversal,monthly,vw,6,2020-04-30,0.0301732541037293
usa,short_term_reversal,monthly,vw,6,2020-05-31,0.00430722093884019
usa,short_term_reversal,monthly,vw,6,2020-06-30,0.00268894242644372
usa,short_term_reversal,monthly,vw,6,2020-07-31,-0.000936366334826287
usa,short_term_reversal,monthly,vw,6,2020-08-31,-0.0289193654522585
usa,short_term_reversal,monthly,vw,6,2020-09-30,0.0163105638243296
usa,short_term_reversal,monthly,vw,6,2020-10-31,-0.00637065357561607
usa,short_term_reversal,monthly,vw,6,2020-11-30,-0.00511633886484534
usa,short_term_reversal,monthly,vw,6,2020-12-31,-0.0166816836767378
usa,short_term_reversal,monthly,vw,6,2021-01-31,-0.0159592030840533
usa,short_term_reversal,monthly,vw,6,2021-02-28,0.00030929837354836
usa,short_term_reversal,monthly,vw,6,2021-03-31,0.0346041201376124
usa,short_term_reversal,monthly,vw,6,2021-04-30,0.00705240254233981
usa,short_term_reversal,monthly,vw,6,2021-05-31,0.0119221144199166
usa,short_term_reversal,monthly,vw,6,2021-06-30,0.00870237617060596
usa,short_term_reversal,monthly,vw,6,2021-07-31,-0.00212165040765648
usa,short_term_reversal,monthly,vw,6,2021-08-31,-0.00976770169214833
usa,short_term_reversal,monthly,vw,6,2021-09-30,0.00363061550225216
usa,short_term_reversal,monthly,vw,6,2021-10-31,-0.0105890272973321
usa,short_term_reversal,monthly,vw,6,2021-11-30,-0.00787776684518018
usa,short_term_reversal,monthly,vw,6,2021-12-31,0.00649758177701231
usa,short_term_reversal,monthly,vw,6,2022-01-31,-0.0118781617316851
usa,short_term_reversal,monthly,vw,6,2022-02-28,0.00875150204179858
usa,short_term_reversal,monthly,vw,6,2022-03-31,-0.0139963250555174
usa,short_term_reversal,monthly,vw,6,2022-04-30,0.0412502685937035
usa,short_term_reversal,monthly,vw,6,2022-05-31,0.0100372694966493
usa,short_term_reversal,monthly,vw,6,2022-06-30,0.00412103653497958
usa,short_term_reversal,monthly,vw,6,2022-07-31,0.0193571337094582
usa,short_term_reversal,monthly,vw,6,2022-08-31,0.00541755956388838
usa,short_term_reversal,monthly,vw,6,2022-09-30,0.000569887366542096
usa,short_term_reversal,monthly,vw,6,2022-10-31,-0.00638994312314436
usa,short_term_reversal,monthly,vw,6,2022-11-30,0.00382563893161459
usa,short_term_reversal,monthly,vw,6,2022-12-31,0.00304795303646143
usa,short_term_reversal,monthly,vw,6,2023-01-31,0.00697182683739461
usa,short_term_reversal,monthly,vw,6,2023-02-28,0.00111755027502584
usa,short_term_reversal,monthly,vw,6,2023-03-31,-0.0471594733862353
usa,short_term_reversal,monthly,vw,6,2023-04-30,-0.00119828598111385
usa,short_term_reversal,monthly,vw,6,2023-05-31,0.0117316095305902
usa,short_term_reversal,monthly,vw,6,2023-06-30,-0.0047070594846445
usa,short_term_reversal,monthly,vw,6,2023-07-31,-0.0108606761992908
usa,short_term_reversal,monthly,vw,6,2023-08-31,0.012639014722218
usa,short_term_reversal,monthly,vw,6,2023-09-30,-0.00179654800646244
usa,short_term_reversal,monthly,vw,6,2023-10-31,0.00720858194567571
usa,short_term_reversal,monthly,vw,6,2023-11-30,0.015988054292591
usa,short_term_reversal,monthly,vw,6,2023-12-31,-0.0265994845055763
usa,short_term_reversal,monthly,vw,6,2024-01-31,0.0435050216592691
usa,short_term_reversal,monthly,vw,6,2024-02-29,-0.0223972536188414
usa,short_term_reversal,monthly,vw,6,2024-03-31,0.000942238792016803
usa,short_term_reversal,monthly,vw,6,2024-04-30,-0.00654820068577398
usa,short_term_reversal,monthly,vw,6,2024-05-31,-0.0143855412291308
usa,short_term_reversal,monthly,vw,6,2024-06-30,-0.0193164608453605
usa,short_term_reversal,monthly,vw,6,2024-07-31,0.00900391459179246
usa,short_term_reversal,monthly,vw,6,2024-08-31,0.00215235905851573
usa,short_term_reversal,monthly,vw,6,2024-09-30,-0.00234230110790442
usa,short_term_reversal,monthly,vw,6,2024-10-31,-0.00138243466819555
usa,short_term_reversal,monthly,vw,6,2024-11-30,-0.0318542810806755
usa,short_term_reversal,monthly,vw,6,2024-12-31,0.0157217098301875
